asset_id,tier,category,filename,title,creator,institution,license_or_rights,use_status,production_rule,landing_page,direct_url,license_url,attribution,dimensions,sha256,downloaded_at,recommended_screen,fact_boundary,local_relative_path,web_ready_relative_path
A001,open_license,artifacts_sites,A001_jade_dragon_pei_npm.jpg,红山文化玉龙形佩（台北故宫博物院陈列）,Gary Todd,National Palace Museum (Taipei),CC0 1.0,可用于参赛；法律上无需署名，建议保留来源,allow_with_manifest_conditions,https://commons.wikimedia.org/wiki/File:Hongshan_Culture_-_Jade_Dragon_Pei_Pendant.jpg,https://upload.wikimedia.org/wikipedia/commons/7/75/Hongshan_Culture_-_Jade_Dragon_Pei_Pendant.jpg,https://creativecommons.org/publicdomain/zero/1.0/,"Photo: Gary Todd / Wikimedia Commons, CC0",5184×3456,91e9b47ea5542b0ded7d385198e9765408c98184c0a0589236f4ad735ec46dee,2026-07-14T08:20:01+00:00,首页主视觉；玉器图鉴；器形比较,馆藏陈列摄影；文件页仅确认红山文化属性，不能标注为牛河梁出土。,01_open_license/artifacts_sites/A001_jade_dragon_pei_npm.jpg,05_web_ready/artifacts_sites/A001_jade_dragon_pei_npm.webp
A002,open_license,artifacts_sites,A002_jade_pig_dragon_npm.jpg,红山文化玉猪龙（台北故宫博物院陈列）,Gary Todd,National Palace Museum (Taipei),CC0 1.0,可用于参赛；法律上无需署名，建议保留来源,allow_with_manifest_conditions,https://commons.wikimedia.org/wiki/File:Hongshan_Culture_-_Jade_Pig-Dragon_01.jpg,https://upload.wikimedia.org/wikipedia/commons/5/54/Hongshan_Culture_-_Jade_Pig-Dragon_01.jpg,https://creativecommons.org/publicdomain/zero/1.0/,"Photo: Gary Todd / Wikimedia Commons, CC0",3456×5184,30bb3f4be4cfad842d2c46eed780d4260cc609700c5035422a49ac4b01c3bdf7,2026-07-14T08:20:06+00:00,玉器图鉴；类型学交互；局部放大,馆藏陈列摄影；不能据此推定具体出土地为牛河梁。,01_open_license/artifacts_sites/A002_jade_pig_dragon_npm.jpg,05_web_ready/artifacts_sites/A002_jade_pig_dragon_npm.webp
A003,open_license,artifacts_sites,A003_jade_hooked_cloud_npm.jpg,玉勾云形佩（台北故宫博物院藏）,Gary Todd,National Palace Museum (Taipei),CC0 1.0,可用于参赛；法律上无需署名，建议保留来源,allow_with_manifest_conditions,https://commons.wikimedia.org/wiki/File:Hongshan_Culture_-_Jade_Pei_Cloud_Ornament.jpg,https://upload.wikimedia.org/wikipedia/commons/e/ed/Hongshan_Culture_-_Jade_Pei_Cloud_Ornament.jpg,https://creativecommons.org/publicdomain/zero/1.0/,"Photo: Gary Todd / Wikimedia Commons, CC0",5184×3456,07988c6560995863c813f2108e90b5f5669205cb2f8935db1f88818700c2d8f2,2026-07-14T08:20:09+00:00,核心器物卡；工艺分析；轮廓交互,文件页载尺寸19.1×14.2×0.5厘米、约公元前3500—3000年；勿改写为牛河梁出土。,01_open_license/artifacts_sites/A003_jade_hooked_cloud_npm.jpg,05_web_ready/artifacts_sites/A003_jade_hooked_cloud_npm.webp
A004,open_license,artifacts_sites,A004_jade_bird_npm.jpg,红山文化玉鸟形佩（台北故宫博物院陈列）,Gary Todd,National Palace Museum (Taipei),CC0 1.0,可用于参赛；法律上无需署名，建议保留来源,allow_with_manifest_conditions,https://commons.wikimedia.org/wiki/File:Hongshan_Culture_-_Jade_Bird_Pei_Pendant_01.jpg,https://upload.wikimedia.org/wikipedia/commons/c/cd/Hongshan_Culture_-_Jade_Bird_Pei_Pendant_01.jpg,https://creativecommons.org/publicdomain/zero/1.0/,"Photo: Gary Todd / Wikimedia Commons, CC0",5184×3456,18e3fff89da9db020abe42ddfbb44f32ddbd39e71643eb723613b01224faa562,2026-07-14T08:20:12+00:00,玉器图鉴；动物母题筛选,馆藏陈列摄影；红山文化属性来自文件页及馆藏陈列，具体出土地未说明。,01_open_license/artifacts_sites/A004_jade_bird_npm.jpg,05_web_ready/artifacts_sites/A004_jade_bird_npm.webp
A005,open_license,artifacts_sites,A005_jade_hoof_npm.jpg,红山文化箍形／马蹄形玉器（台北故宫博物院陈列）,Gary Todd,National Palace Museum (Taipei),CC0 1.0,可用于参赛；法律上无需署名，建议保留来源,allow_with_manifest_conditions,"https://commons.wikimedia.org/wiki/File:Jade_Hoof-Shaped_Article,_Hongshan_Culture.jpg",https://upload.wikimedia.org/wikipedia/commons/7/7b/Jade_Hoof-Shaped_Article%2C_Hongshan_Culture.jpg,https://creativecommons.org/publicdomain/zero/1.0/,"Photo: Gary Todd / Wikimedia Commons, CC0",5184×3456,0152b2ccd57cd7770d64b234e8296352fe8db976c00681ad89d235d91916658d,2026-07-14T08:20:15+00:00,玉器图鉴；佩戴方式假说对比,英文文件名为 Hoof-Shaped Article；中文界面宜同时列‘箍形器／马蹄形器’，避免单一功能断言。,01_open_license/artifacts_sites/A005_jade_hoof_npm.jpg,05_web_ready/artifacts_sites/A005_jade_hoof_npm.webp
A006,open_license,artifacts_sites,A006_jade_figurine_npm.jpg,红山文化玉人形器（台北故宫博物院陈列）,Gary Todd,National Palace Museum (Taipei),CC0 1.0,可用于参赛；法律上无需署名，建议保留来源,allow_with_manifest_conditions,https://commons.wikimedia.org/wiki/File:Hongshan_Culture_-_Jade_Figurine.jpg,https://upload.wikimedia.org/wikipedia/commons/5/53/Hongshan_Culture_-_Jade_Figurine.jpg,https://creativecommons.org/publicdomain/zero/1.0/,"Photo: Gary Todd / Wikimedia Commons, CC0",3456×5184,93920403aced51a8ca260f52b6bc35e69d21ff6ea59eec759c46e222dd2d749c,2026-07-14T08:20:18+00:00,人物表现章节；玉器图鉴,馆藏陈列摄影；不可将其替代或误称为牛河梁女神庙泥塑头像。,01_open_license/artifacts_sites/A006_jade_figurine_npm.jpg,05_web_ready/artifacts_sites/A006_jade_figurine_npm.webp
A007,open_license,artifacts_sites,A007_jade_yue_axe_shanghai_museum.jpg,红山文化玉钺／玉斧（上海博物馆陈列）,"Gary Lee Todd, Ph.D.",Shanghai Museum,CC0 1.0,可用于参赛；法律上无需署名，建议保留来源,allow_with_manifest_conditions,https://commons.wikimedia.org/wiki/File:Hongshan_Culture_Jade_Yue_Axe.jpg,https://upload.wikimedia.org/wikipedia/commons/2/26/Hongshan_Culture_Jade_Yue_Axe.jpg,https://creativecommons.org/publicdomain/zero/1.0/,"Photo: Gary Lee Todd / Wikimedia Commons, CC0",4752×3168,2238a8b34212f64a47f68d93a426f8c53f2b2c188bd562794b6b92069adede38,2026-07-14T08:20:21+00:00,权力与礼仪章节；器物功能对比,文件页描述为上海博物馆玉器陈列；用途解释应写为学术判断而非既定事实。,01_open_license/artifacts_sites/A007_jade_yue_axe_shanghai_museum.jpg,05_web_ready/artifacts_sites/A007_jade_yue_axe_shanghai_museum.webp
A008,open_license,artifacts_sites,A008_hongshan_jade_burial_object_liaoning_museum.jpg,红山文化墓葬玉器展陈（辽宁省博物馆）,"Gary Lee Todd, Ph.D.",Liaoning Provincial Museum,CC0 1.0,可用于参赛；法律上无需署名，建议保留来源,allow_with_manifest_conditions,https://commons.wikimedia.org/wiki/File:Hongshan_Jade_Burial_Objects_04.jpg,https://live.staticflickr.com/5119/14156522825_185c3434d0_o.jpg,https://creativecommons.org/publicdomain/zero/1.0/,"Photo: Gary Lee Todd / Wikimedia Commons, CC0",5184×3456,908aa2af4d490fdd4020996d42ea342692a9495c086436b90a5ab9c98fbf807b,2026-07-14T08:33:45+00:00,墓葬证据章节；玉器图鉴；轮廓热点,该图属于辽宁省博物馆‘Hongshan Jade Burial Objects’系列，但文件页未给出单件出土地与墓号；可称红山文化墓葬玉器展陈，不可写成某座牛河梁墓葬的确定出土物。原图由 Commons 所列 Flickr 来源下载。,01_open_license/artifacts_sites/A008_hongshan_jade_burial_object_liaoning_museum.jpg,05_web_ready/artifacts_sites/A008_hongshan_jade_burial_object_liaoning_museum.webp
A009,open_license,artifacts_sites,A009_ceremonial_headdress_harvard.jpg,红山文化礼仪性玉器（可能为头饰）,Daderot,Arthur M. Sackler Museum (Harvard Art Museums),Public Domain Mark 1.0,可用于参赛；无需署名，建议保留来源,allow_with_manifest_conditions,"https://commons.wikimedia.org/wiki/File:Ceremonial_Object_(perhaps_a_headdress),_China,_Liaoning_province_or_Inner_Mongolia,_Neolithic_period,_Hongshan_culture,_3700-2929_BC,_nephrite_-_Arthur_M._Sackler_Museum,_Harvard_University_-_DSC00809.jpg",https://upload.wikimedia.org/wikipedia/commons/2/24/Ceremonial_Object_%28perhaps_a_headdress%29%2C_China%2C_Liaoning_province_or_Inner_Mongolia%2C_Neolithic_period%2C_Hongshan_culture%2C_3700-2929_BC%2C_nephrite_-_Arthur_M._Sackler_Museum%2C_Harvard_University_-_DSC00809.jpg,https://creativecommons.org/publicdomain/mark/1.0/,"Photo: Daderot / Wikimedia Commons, Public Domain",3488×4659,cf968006d1dcf2d6ebf7abf11d04b29005dadf1e2bd1ae63a838da221f8a31e7,2026-07-14T08:20:29+00:00,器物争议标签；用途假说交互,馆藏名称明确带 perhaps a headdress；中文必须保留‘可能’。地点仅到辽宁或内蒙古，非牛河梁定点出土。,01_open_license/artifacts_sites/A009_ceremonial_headdress_harvard.jpg,05_web_ready/artifacts_sites/A009_ceremonial_headdress_harvard.webp
A010,open_license,artifacts_sites,A010_jade_bird_british_museum.jpg,约公元前3500年红山文化玉鸟（大英博物馆陈列）,Vassil,British Museum,CC0 1.0,可用于参赛；法律上无需署名，建议保留来源,allow_with_manifest_conditions,https://commons.wikimedia.org/wiki/File:British_Museum_Chinese_jade_Neolithic_period_Hongshan_culture_Bird_11022019_1411.jpg,https://upload.wikimedia.org/wikipedia/commons/c/cd/British_Museum_Chinese_jade_Neolithic_period_Hongshan_culture_Bird_11022019_1411.jpg,https://creativecommons.org/publicdomain/zero/1.0/,"Photo: Vassil / Wikimedia Commons, CC0",1618×1300,c802c38600fc2664a39874288edbe766a8c018016e25da40d30a94c6115574e4,2026-07-14T08:20:32+00:00,国际馆藏比较；玉鸟类型对照,文件页说明为红山文化、约公元前3500年、大英博物馆33b展厅；具体出土地未说明。,01_open_license/artifacts_sites/A010_jade_bird_british_museum.jpg,05_web_ready/artifacts_sites/A010_jade_bird_british_museum.webp
A011,open_license,artifacts_sites,A011_pig_dragon_british_museum.jpg,约公元前3500年红山文化玉猪龙（大英博物馆陈列）,Vassil,British Museum,CC0 1.0,可用于参赛；法律上无需署名，建议保留来源,allow_with_manifest_conditions,https://commons.wikimedia.org/wiki/File:British_Museum_Chinese_jade_Neolithic_period_Hongshan_culture_Coiled_dragon_Pig-dragon_11022019_1393.jpg,https://upload.wikimedia.org/wikipedia/commons/d/dc/British_Museum_Chinese_jade_Neolithic_period_Hongshan_culture_Coiled_dragon_Pig-dragon_11022019_1393.jpg,https://creativecommons.org/publicdomain/zero/1.0/,"Photo: Vassil / Wikimedia Commons, CC0",2021×1770,e42ecdcc15ca6e1d357fe4069f975d22f0e349dc9564e6d948fbb72d91edf4b6,2026-07-14T08:35:41+00:00,猪龙多馆藏对照；器形比较拖拽,文件页说明为红山文化、约公元前3500年；不可标注为牛河梁出土。,01_open_license/artifacts_sites/A011_pig_dragon_british_museum.jpg,05_web_ready/artifacts_sites/A011_pig_dragon_british_museum.webp
A012,open_license,artifacts_sites,A012_pottery_vessels_liaoning_museum.jpg,红山文化深腹陶器（辽宁省博物馆史前展厅）,"Gary Lee Todd, Ph.D.",Liaoning Provincial Museum,CC0 1.0,可用于参赛；法律上无需署名，建议保留来源,allow_with_manifest_conditions,https://commons.wikimedia.org/wiki/File:Hongshan_Culture_Pottery_01.jpg,https://live.staticflickr.com/7457/14153711532_3da16b129e_o.jpg,https://creativecommons.org/publicdomain/zero/1.0/,"Photo: Gary Lee Todd / Wikimedia Commons, CC0",5184×3456,09156c7b4f25ee36e3c41a1d779b91336ee1235eb831f514ce4657ecf1853b45,2026-07-14T08:30:56+00:00,生产生活章节；陶器图鉴；器表细节放大,拍摄于辽宁省博物馆史前展厅；画面为两件展陈陶器，不应推定为同一遗迹单位的共伴组合。原始像素文件由 Commons 落地页所列 Flickr 来源下载。,01_open_license/artifacts_sites/A012_pottery_vessels_liaoning_museum.jpg,05_web_ready/artifacts_sites/A012_pottery_vessels_liaoning_museum.webp
A013,open_license,artifacts_sites,A013_painted_pottery_inner_mongolia_museum.jpg,红山文化彩陶（内蒙古博物院陈列）,Gary Todd,Inner Mongolia Museum,CC0 1.0,可用于参赛；法律上无需署名，建议保留来源,allow_with_manifest_conditions,https://commons.wikimedia.org/wiki/File:Hongshan_Culture_Painted_Pottery_(19817345241).jpg,https://live.staticflickr.com/507/19817345241_f5eef807e6_o.jpg,https://creativecommons.org/publicdomain/zero/1.0/,"Photo: Gary Todd / Wikimedia Commons, CC0",5184×3456,625c3ec6417af34288826afef8f85035cc6b69d29e1c82d8aaac20ddfc8ae0c9,2026-07-14T08:30:08+00:00,陶器纹样章节；旋转观察；色彩取样,馆藏陈列摄影；具体出土地未在文件页说明。原始像素文件由 Commons 落地页所列 Flickr 来源下载；Commons 版本为3689×3099裁切图，本包保留5184×3456来源原图。,01_open_license/artifacts_sites/A013_painted_pottery_inner_mongolia_museum.jpg,05_web_ready/artifacts_sites/A013_painted_pottery_inner_mongolia_museum.webp
A014,open_license,artifacts_sites,A014_pregnant_female_torso_national_museum_china.jpg,红山文化孕妇陶塑（辽宁，1982年发现；中国国家博物馆陈列）,Prof. Gary Lee Todd,National Museum of China,CC BY-SA 4.0,可用于参赛；必须署名、链接许可；图片改编版须同许可,allow_with_manifest_conditions,"https://commons.wikimedia.org/wiki/File:Neolithic_pottery_pregnant_woman,_Hongshan_Culture,_Liaoning,_1982.JPG",https://upload.wikimedia.org/wikipedia/commons/c/c5/Neolithic_pottery_pregnant_woman%2C_Hongshan_Culture%2C_Liaoning%2C_1982.JPG,https://creativecommons.org/licenses/by-sa/4.0/,"Photo: Prof. Gary Lee Todd, CC BY-SA 4.0, via Wikimedia Commons",1000×1138,e87972c9abf9586c07a102eb929e67a5859f3f43f220edf7e1d9a8ab4ae7488f,2026-07-14T08:35:50+00:00,女性形象证据章节；小尺寸资料卡,文件页称公元前3500年、辽宁1982年发现、高7.8厘米。它不是牛河梁女神庙泥塑头像，严禁互换命名。,01_open_license/artifacts_sites/A014_pregnant_female_torso_national_museum_china.jpg,05_web_ready/artifacts_sites/A014_pregnant_female_torso_national_museum_china.webp
A015,open_license,artifacts_sites,A015_four_lug_jar_met.jpg,红山文化红陶四系罐（大都会艺术博物馆）,The Metropolitan Museum of Art,The Metropolitan Museum of Art,CC0 1.0,可用于参赛；法律上无需署名，建议保留馆名与编号,allow_with_manifest_conditions,https://commons.wikimedia.org/wiki/File:%E6%96%B0%E7%9F%B3%E5%99%A8%E6%99%82%E4%BB%A3%E7%B4%85%E5%B1%B1%E6%96%87%E5%8C%96_%E7%B4%85%E9%99%B6%E5%9B%9B%E7%B9%AB%E7%BD%90-Jar_with_Four_Lugs_(Guan)_MET_2003_333_S1.jpeg,https://images.metmuseum.org/CRDImages/as/original/2003_333_S1.JPG,https://creativecommons.org/publicdomain/zero/1.0/,"The Metropolitan Museum of Art, CC0",670×799,1171ae464821de6bfcf1c8422a5fc4c1884ca6791d061232904adde925ec87fd,2026-07-14T08:29:26+00:00,陶器图鉴；低分辨率资料卡,大都会开放获取图，馆藏编号 2003.333、Object ID 65596；原图像素较低，不建议做满屏主视觉。,01_open_license/artifacts_sites/A015_four_lug_jar_met.jpg,05_web_ready/artifacts_sites/A015_four_lug_jar_met.webp
A016,open_license,artifacts_sites,A016_neolithic_tomb_display_liaoning_museum.jpg,辽宁省博物馆史前墓葬复原陈列,"Gary Lee Todd, Ph.D.",Liaoning Provincial Museum,CC0 1.0,可用于参赛；法律上无需署名，建议保留来源,allow_with_manifest_conditions,https://commons.wikimedia.org/wiki/File:Neolithic_Tomb_Liaoning.jpg,https://live.staticflickr.com/7355/13969884058_594892c23c_o.jpg,https://creativecommons.org/publicdomain/zero/1.0/,"Photo: Gary Lee Todd / Wikimedia Commons, CC0",3456×5184,9473bc1fe46368c880828464b1cfccb2c112ed524a7dac140e3768f49ff946be,2026-07-14T08:29:31+00:00,墓葬结构章节；复原与实物证据区分,这是辽宁省博物馆的史前墓葬展陈／复原，不是牛河梁野外发掘现场照；界面必须标‘复原陈列’。原始像素文件由 Commons 落地页所列 Flickr 来源下载。,01_open_license/artifacts_sites/A016_neolithic_tomb_display_liaoning_museum.jpg,05_web_ready/artifacts_sites/A016_neolithic_tomb_display_liaoning_museum.webp
A017,open_license,artifacts_sites,A017_stone_tools_liaoning_museum.jpg,红山文化石器组合（辽宁省博物馆史前展厅）,"Gary Lee Todd, Ph.D.",Liaoning Provincial Museum,CC0 1.0,可用于参赛；法律上无需署名，建议保留来源,allow_with_manifest_conditions,https://commons.wikimedia.org/wiki/File:Hongshan_Culture_Stone_Tools_01.jpg,https://live.staticflickr.com/5474/14156665084_470eaa6f3f_o.jpg,https://creativecommons.org/publicdomain/zero/1.0/,"Photo: Gary Lee Todd / Wikimedia Commons, CC0",5184×3456,bdb012d97a762fb38e6f8b0286ec61e8d082e56c624dcbc24a466d8dace4b252,2026-07-14T08:29:35+00:00,生产生活章节；工具用途分类交互,馆藏展陈组合；不要把多件器物写成同一遗迹单位出土。原始像素文件由 Commons 落地页所列 Flickr 来源下载。,01_open_license/artifacts_sites/A017_stone_tools_liaoning_museum.jpg,05_web_ready/artifacts_sites/A017_stone_tools_liaoning_museum.webp
A018,open_license,artifacts_sites,A018_hongshan_site_chifeng_01.jpg,赤峰红山遗址群实景（一）,10geeker,Wiki Loves Monuments / Wikimedia Commons,CC BY-SA 3.0,可用于参赛；必须署名、链接许可；图片改编版须同许可,allow_with_manifest_conditions,https://commons.wikimedia.org/wiki/File:%E7%BA%A2%E5%B1%B1%E9%81%97%E5%9D%80%E7%BE%A4.JPG,https://upload.wikimedia.org/wikipedia/commons/d/df/%E7%BA%A2%E5%B1%B1%E9%81%97%E5%9D%80%E7%BE%A4.JPG,https://creativecommons.org/licenses/by-sa/3.0/,"Photo: 10geeker, CC BY-SA 3.0, via Wikimedia Commons",5184×3888,38fa12f4b2557f0103f8b1972ea446944e500c34933890cb303bf7bc031ecf27,2026-07-14T08:36:01+00:00,发现史章节；红山文化命名地；遗址环境,此图是内蒙古赤峰红山遗址群，不是辽宁牛河梁遗址；文件页归入 Hongshan Sites 与 Wiki Loves Monuments，但画面主要呈现红色山体，不能解读为可见考古遗迹或发掘现场。,01_open_license/artifacts_sites/A018_hongshan_site_chifeng_01.jpg,05_web_ready/artifacts_sites/A018_hongshan_site_chifeng_01.webp
A019,open_license,artifacts_sites,A019_hongshan_site_chifeng_02.jpg,赤峰红山遗址群实景（二）,10geeker,Wiki Loves Monuments / Wikimedia Commons,CC BY-SA 3.0,可用于参赛；必须署名、链接许可；图片改编版须同许可,allow_with_manifest_conditions,https://commons.wikimedia.org/wiki/File:%E7%BA%A2%E5%B1%B1%E9%81%97%E5%9D%80%E7%BE%A42.JPG,https://upload.wikimedia.org/wikipedia/commons/d/d3/%E7%BA%A2%E5%B1%B1%E9%81%97%E5%9D%80%E7%BE%A42.JPG,https://creativecommons.org/licenses/by-sa/3.0/,"Photo: 10geeker, CC BY-SA 3.0, via Wikimedia Commons",5184×3888,a89a72fd422bbbc259945b52faf2d62fa14cb855bfab8a3670e3cd3a5f38626e,2026-07-14T08:36:09+00:00,发现史章节；地貌对照；红山命名地,此图是内蒙古赤峰红山遗址群，不是辽宁牛河梁遗址；画面含现代屋顶与红色山体，只能作为命名地／环境图，不能作为考古遗迹细部或发掘现场图。,01_open_license/artifacts_sites/A019_hongshan_site_chifeng_02.jpg,05_web_ready/artifacts_sites/A019_hongshan_site_chifeng_02.webp
A020,open_license,artifacts_sites,A020_hongshan_culture_museum_chifeng.jpg,赤峰红山文化博物馆实景,StefanTsingtauer,Chifeng Hongshan Culture Museum,CC BY-SA 4.0,可用于参赛；必须署名、链接许可；图片改编版须同许可,allow_with_manifest_conditions,https://commons.wikimedia.org/wiki/File:%E8%B5%A4%E5%B3%B0%E7%BA%A2%E5%B1%B1%E6%96%87%E5%8C%96%E5%8D%9A%E7%89%A9%E9%A6%86_2021-07-09.jpg,https://upload.wikimedia.org/wikipedia/commons/6/69/%E8%B5%A4%E5%B3%B0%E7%BA%A2%E5%B1%B1%E6%96%87%E5%8C%96%E5%8D%9A%E7%89%A9%E9%A6%86_2021-07-09.jpg,https://creativecommons.org/licenses/by-sa/4.0/,"Photo: StefanTsingtauer, CC BY-SA 4.0, via Wikimedia Commons",4032×3024,cb3385082c213adb3793cf070aca3568a353a719791c03c6924ebd0e7e0551a7,2026-07-14T08:36:14+00:00,当代保护与传播章节；机构索引,拍摄对象为赤峰红山文化博物馆外观，不是牛河梁遗址博物馆。,01_open_license/artifacts_sites/A020_hongshan_culture_museum_chifeng.jpg,05_web_ready/artifacts_sites/A020_hongshan_culture_museum_chifeng.webp
A021,open_license,artifacts_sites,A021_jade_plaque_met.jpg,红山文化玉牌（大都会艺术博物馆）,The Metropolitan Museum of Art,The Metropolitan Museum of Art,CC0 1.0,可用于参赛；法律上无需署名，建议保留馆名、编号与开放获取说明,allow_with_manifest_conditions,https://www.metmuseum.org/art/collection/search/75244,https://images.metmuseum.org/CRDImages/as/original/DP210602.jpg,https://creativecommons.org/publicdomain/zero/1.0/,"The Metropolitan Museum of Art, Open Access (CC0)",4000×3001,6df43357b13f87cad64cf1991f5167bbd3e7837f50e30e68a3ab0b9f61f53d97,2026-07-14T08:33:02+00:00,玉器图鉴；高清细节；国际馆藏对照,"Met Object ID 75244，馆藏编号2009.176，软玉，高7.3厘米、宽9.8厘米；馆方period字段为‘Neolithic period, Hongshan culture (ca. 3500–2000 BCE)’且未列出土地点，必须保留馆方口径，不可写成牛河梁出土。许可政策：https://www.metmuseum.org/policies/image-resources 。",01_open_license/artifacts_sites/A021_jade_plaque_met.jpg,05_web_ready/artifacts_sites/A021_jade_plaque_met.webp
MAP_DATA_001,open_license,maps_data,NE1_50M_SR.zip,Natural Earth I with Shaded Relief 1:50m,Tom Patterson; Nathaniel Vaughn Kelso; Natural Earth contributors,Natural Earth,Public Domain,可用于二次制图；不要直接把全球图当成辽西专题图,allow_with_manifest_conditions,https://www.naturalearthdata.com/downloads/50m-raster-data/50m-natural-earth-1/,https://naturalearth.s3.amazonaws.com/50m_raster/NE1_50M_SR.zip,https://www.naturalearthdata.com/about/terms-of-use/,Made with Natural Earth.,10800x5400 TIFF inside ZIP,ae930744c0cf3d10e73c292726b74c81a40490a75829f8299dec9069e5d0e934,2026-07-14T08:36:59Z,文明长卷/空间总览,文件位于 maps_data/；应裁切辽西—西辽河区域并叠加自制河流与遗址标记；许可无需署名但建议保留 Made with Natural Earth,01_open_license/maps_environment_methods/maps_data/NE1_50M_SR.zip,
MAP_DATA_002,open_license,maps_data,ne_10m_admin_1_states_provinces.zip,Natural Earth Admin-1 States and Provinces 1:10m,Natural Earth contributors,Natural Earth,Public Domain,可用于原创SVG底图；只表示现代行政区而非史前文化边界,allow_with_manifest_conditions,https://www.naturalearthdata.com/downloads/10m-cultural-vectors/10m-admin-1-states-provinces/,https://naturalearth.s3.amazonaws.com/10m_cultural/ne_10m_admin_1_states_provinces.zip,https://www.naturalearthdata.com/about/terms-of-use/,Made with Natural Earth.,Shapefile v5.1.1,efc59726337323058f9446210adc96673179cd344e053666ee3d28cb58ba2b05,2026-07-14T08:36:59Z,中国→辽宁→辽西定位图,文件位于 maps_data/；文化分布必须另画不确定性边界；不要让现代省界替代红山文化范围,01_open_license/maps_environment_methods/maps_data/ne_10m_admin_1_states_provinces.zip,
MAP_DATA_003,open_license,maps_data,ne_10m_rivers_lake_centerlines.zip,Natural Earth Rivers and Lake Centerlines 1:10m,Natural Earth contributors,Natural Earth,Public Domain,可用于区域级河网；不适合作遗址级精细水系,allow_with_manifest_conditions,https://www.naturalearthdata.com/downloads/10m-physical-vectors/10m-rivers-lake-centerlines/,https://naturalearth.s3.amazonaws.com/10m_physical/ne_10m_rivers_lake_centerlines.zip,https://www.naturalearthdata.com/about/terms-of-use/,Made with Natural Earth.,Shapefile v5.0.0,ded71b01870855ccfe19b51f2ec14c9bb48fae23c0e9f3c11974d426433b5c38,2026-07-14T08:36:59Z,辽河—西辽河—大凌河空间关系,文件位于 maps_data/；1:10m 数据会省略小支流；应用官方坐标与地方水文资料复核后再标注,01_open_license/maps_environment_methods/maps_data/ne_10m_rivers_lake_centerlines.zip,
MAP_ENV_001,open_license,environment,MAP_ENV_001_Dalai_Nur_Landsat_NASA.jpeg,Dali Nur Landsat image 2000,NASA and Earthsat,NASA; Earthsat,Public domain (NASA/Earthsat),可直接用于区域环境章节；必须说明为达里诺尔区域而非牛河梁遗址,allow_with_manifest_conditions,https://commons.wikimedia.org/wiki/File:Dalai_nur.jpeg,https://upload.wikimedia.org/wikipedia/commons/3/33/Dalai_nur.jpeg,https://www.nasa.gov/nasa-brand-center/images-and-media/,NASA and Earthsat; Landsat tile N-50-40-2000.,2672x2592,0d1c85c2af700b68efe2db0dbe8e38cd5a186d9e365a2e1556cd8ee0dd52ee3f,2026-07-14T08:36:59Z,文明长卷/环境与地貌,影像年份2000；NASA内容应署名且不得暗示NASA认可本作品；不含NASA标识,01_open_license/maps_environment_methods/environment/MAP_ENV_001_Dalai_Nur_Landsat_NASA.jpeg,05_web_ready/maps_environment_methods/environment/MAP_ENV_001_Dalai_Nur_Landsat_NASA.webp
MAP_ENV_002,open_license,environment,MAP_ENV_002_Dali_Nur_Lake_Shore.jpg,Dali Nur Lake Shore 2011,rheins,Wikimedia Commons; Panoramio archive,CC BY 3.0,可直接用于区域环境叙事；需署名,allow_with_manifest_conditions,https://commons.wikimedia.org/wiki/File:%E8%BE%BE%E9%87%8C%E8%AF%BA%E5%B0%94%E6%B9%96%E7%95%94_-_Dali_Nur_Lake_Shore_-_2011.06_-_panoramio.jpg,https://upload.wikimedia.org/wikipedia/commons/b/b9/%E8%BE%BE%E9%87%8C%E8%AF%BA%E5%B0%94%E6%B9%96%E7%95%94_-_Dali_Nur_Lake_Shore_-_2011.06_-_panoramio.jpg,https://creativecommons.org/licenses/by/3.0/,rheins / Wikimedia Commons / CC BY 3.0,4982x1812,f680df740e626ea246aded5ab5d939f649324eb33c4a08254122b6954728d73f,2026-07-14T08:36:59Z,文明长卷/环境切片,2011年7月拍摄；只能说明红山文化分布大区的自然环境参照；不得称作史前原貌,01_open_license/maps_environment_methods/environment/MAP_ENV_002_Dali_Nur_Lake_Shore.jpg,05_web_ready/maps_environment_methods/environment/MAP_ENV_002_Dali_Nur_Lake_Shore.webp
MAP_ENV_003,open_license,environment,MAP_ENV_003_Lingyuan_South_G25.jpg,G25 in the southern suburbs of Lingyuan 2022,N509FZ,Wikimedia Commons,CC BY-SA 4.0,可用于当代地理上下文；需署名且衍生图遵循同许可,allow_with_manifest_conditions,https://commons.wikimedia.org/wiki/File:G25_Changshen_Expressway_in_the_southern_suburbs_of_Lingyuan_(20220824110919).jpg,https://upload.wikimedia.org/wikipedia/commons/d/d3/G25_Changshen_Expressway_in_the_southern_suburbs_of_Lingyuan_%2820220824110919%29.jpg,https://creativecommons.org/licenses/by-sa/4.0/,N509FZ / Wikimedia Commons / CC BY-SA 4.0,3827x2551,148cec2a26b98b12e0681e3f320c3995f9f64457c24f0b8faa4919dda3678337,2026-07-14T08:36:59Z,空间导览/今天的牛河梁周边,2022-08-24；车窗反光可见；不得用作遗址现场或史前景观,01_open_license/maps_environment_methods/environment/MAP_ENV_003_Lingyuan_South_G25.jpg,05_web_ready/maps_environment_methods/environment/MAP_ENV_003_Lingyuan_South_G25.webp
MAP_ENV_004,open_license,environment,MAP_ENV_004_Shuiquan_Approaching_Niuheliang.jpg,Shuiquan Village approaching Niuheliang 2022,N509FZ,Wikimedia Commons,CC BY-SA 4.0,优先采用；可作牛河梁周边当代地貌参照；需署名,allow_with_manifest_conditions,"https://commons.wikimedia.org/wiki/File:Shuiquan_Village,_Songzhangzi_Town,_Lingyuan_(20220824110534).jpg",https://upload.wikimedia.org/wikipedia/commons/3/3b/Shuiquan_Village%2C_Songzhangzi_Town%2C_Lingyuan_%2820220824110534%29.jpg,https://creativecommons.org/licenses/by-sa/4.0/,N509FZ / Wikimedia Commons / CC BY-SA 4.0,4032x2688,b4cee1ba4ee60e050f04a1178c2bd8dde6d298c11a10dff8f71cb0b7ca68eefe,2026-07-14T08:36:59Z,首页环境转场/空间导览,原说明明确为 approaching Niuheliang；仍非遗址本体照片；不可声称呈现5800年前环境,01_open_license/maps_environment_methods/environment/MAP_ENV_004_Shuiquan_Approaching_Niuheliang.jpg,05_web_ready/maps_environment_methods/environment/MAP_ENV_004_Shuiquan_Approaching_Niuheliang.webp
MAP_ENV_005,open_license,environment,MAP_ENV_005_Lingyuan_Southern_Suburbs_A.jpg,Southern suburbs of Lingyuan 2022,N509FZ,Wikimedia Commons,CC BY-SA 4.0,可用于现代河谷地貌对照；需署名,allow_with_manifest_conditions,https://commons.wikimedia.org/wiki/File:Southern_suburbs_of_Lingyuan_(20220824110907).jpg,https://upload.wikimedia.org/wikipedia/commons/7/7b/Southern_suburbs_of_Lingyuan_%2820220824110907%29.jpg,https://creativecommons.org/licenses/by-sa/4.0/,N509FZ / Wikimedia Commons / CC BY-SA 4.0,3742x2494,260e561554985caf58ae6f3868d7e4a32d96efa15a39cfb61601bd6f63653e55,2026-07-14T08:36:59Z,文明长卷/地貌对照,2022-08-24；存在道路与城市景观；仅用于今天的环境对照,01_open_license/maps_environment_methods/environment/MAP_ENV_005_Lingyuan_Southern_Suburbs_A.jpg,05_web_ready/maps_environment_methods/environment/MAP_ENV_005_Lingyuan_Southern_Suburbs_A.webp
MAP_METH_001,open_license,methods,MAP_METH_001_Chronosphere_Radiocarbon_Lab.jpg,Chronosphere AMS radiocarbon facility,Kestrel,University Museum; The University of Tokyo,CC BY-SA 4.0,仅用于解释AMS方法；必须标注非牛河梁实验室,allow_with_manifest_conditions,https://commons.wikimedia.org/wiki/File:Chronosphere_Laboratory_of_Radiocarbon_Dating_P3097636.jpg,https://upload.wikimedia.org/wikipedia/commons/e/e4/Chronosphere_Laboratory_of_Radiocarbon_Dating_P3097636.jpg,https://creativecommons.org/licenses/by-sa/4.0/,Kestrel / Wikimedia Commons / CC BY-SA 4.0,2560x1920,94bdb6eafdd1a62737a57d419d8fd5c99f2c68d145ae5c748dfed8104a0ecbb2,2026-07-14T08:36:59Z,证据实验室/年代如何测出,2019-03-09；画面含日文展陈；不可暗示东京大学测定了本项目样品,01_open_license/maps_environment_methods/methods/MAP_METH_001_Chronosphere_Radiocarbon_Lab.jpg,05_web_ready/maps_environment_methods/methods/MAP_METH_001_Chronosphere_Radiocarbon_Lab.webp
MAP_METH_002,open_license,methods,MAP_METH_002_Stratigraphy_An_Son.jpg,Stratigraphy in trench from An Son,Carmen Sarjeant,Wikimedia Commons,CC BY-SA 4.0,仅作地层学方法示意；必须突出“非牛河梁现场”,allow_with_manifest_conditions,https://commons.wikimedia.org/wiki/File:Stratigraphy_in_trench_from_An_Son.jpg,https://upload.wikimedia.org/wikipedia/commons/5/51/Stratigraphy_in_trench_from_An_Son.jpg,https://creativecommons.org/licenses/by-sa/4.0/,Carmen Sarjeant / Wikimedia Commons / CC BY-SA 4.0,3264x2448,4f8c85e4a9446f3a34c26ea2f81737167da7cdc220c6046b2099ec9993ddd254,2026-07-14T08:36:59Z,证据实验室/读懂地层,2009-05-09；画面有比例尺和探方牌；不可将其改写成牛河梁第十三地点,01_open_license/maps_environment_methods/methods/MAP_METH_002_Stratigraphy_An_Son.jpg,05_web_ready/maps_environment_methods/methods/MAP_METH_002_Stratigraphy_An_Son.webp
MAP_METH_003,open_license,methods,MAP_METH_003_Fieldwalking_Find_Markers.jpg,Fieldwalking with find markers in Lower Saxony,Ronald Reimann,Wikimedia Commons,CC BY-SA 3.0,仅作系统踏查方法示意；必须标注地点,allow_with_manifest_conditions,https://commons.wikimedia.org/wiki/File:Feldbegehung_Niedersachsen_mit_Fundmarkierungen_weiss.jpg,https://upload.wikimedia.org/wikipedia/commons/3/31/Feldbegehung_Niedersachsen_mit_Fundmarkierungen_weiss.jpg,https://creativecommons.org/licenses/by-sa/3.0/,Ronald Reimann / Wikimedia Commons / CC BY-SA 3.0,1710x1113,bae256156bedda8614f650ef511ec347328c950079de5aba8d7da958f134073d,2026-07-14T08:36:59Z,证据实验室/50米网格如何工作,2018；适合解释人在地表按系统路线发现材料；网格与牛河梁数据另用原创SVG,01_open_license/maps_environment_methods/methods/MAP_METH_003_Fieldwalking_Find_Markers.jpg,05_web_ready/maps_environment_methods/methods/MAP_METH_003_Fieldwalking_Find_Markers.webp
MAP_METH_004,open_license,methods,MAP_METH_004_Aerial_Excavation_Trenches.jpg,Aerial view of archaeological evaluation trenches at Hogsthorpe,Chris,Geograph Britain and Ireland,CC BY-SA 2.0,仅作抽样探沟与空间覆盖方法示意；必须标注非牛河梁,allow_with_manifest_conditions,"https://commons.wikimedia.org/wiki/File:Archaeological_excavation_trenches_south_of_Hogsthorpe,_aerial_2024_(1)_-_geograph.org.uk_-_7917238.jpg",https://upload.wikimedia.org/wikipedia/commons/9/93/Archaeological_excavation_trenches_south_of_Hogsthorpe%2C_aerial_2024_%281%29_-_geograph.org.uk_-_7917238.jpg,https://creativecommons.org/licenses/by-sa/2.0/,Chris / Geograph Britain and Ireland / CC BY-SA 2.0,1600x1057,0887e744dc62432b9daf27cc6035102d8c2745526387d51f7447346ac02e8182,2026-07-14T08:36:59Z,证据实验室/调查与发掘的区别,2024-11-03；航拍能显示条带状探沟；不可称为50米网格调查照片,01_open_license/maps_environment_methods/methods/MAP_METH_004_Aerial_Excavation_Trenches.jpg,05_web_ready/maps_environment_methods/methods/MAP_METH_004_Aerial_Excavation_Trenches.webp
MAP_METH_005,open_license,methods,MAP_METH_005_Total_Station_Karleby.jpg,Neolithic excavation survey at Karleby 63,Gunnar Creutz,Wikimedia Commons,CC BY-SA 3.0,优先用于解释坐标记录；必须标注非牛河梁现场,allow_with_manifest_conditions,https://commons.wikimedia.org/wiki/File:Boplatsen_Karleby_63_gr%C3%A4vs_ut_3013.jpg,https://upload.wikimedia.org/wikipedia/commons/0/0a/Boplatsen_Karleby_63_gr%C3%A4vs_ut_3013.jpg,https://creativecommons.org/licenses/by-sa/3.0/,Gunnar Creutz / Wikimedia Commons / CC BY-SA 3.0,4608x3456,38f670443fb2a9b4f0a77091f8fead1be82ab3b5826968d63e671cd27db6241f,2026-07-14T08:36:59Z,证据实验室/一个点如何成为数据,2013-09-23；画面含全站仪、比例尺和编号标记；适合交互热点拆解,01_open_license/maps_environment_methods/methods/MAP_METH_005_Total_Station_Karleby.jpg,05_web_ready/maps_environment_methods/methods/MAP_METH_005_Total_Station_Karleby.webp
AX001,open_license,artifacts_sites_expanded,AX001_hoof_jade_nmc.jpg,红山文化箍形／马蹄形玉器,Windmemories,National Museum of China,CC BY-SA 4.0,open_license_direct_use_with_attribution,allow_with_manifest_conditions,https://commons.wikimedia.org/wiki/File:20251026_Hoof-shaped_Jade_of_Hongshan_Culture.jpg,https://upload.wikimedia.org/wikipedia/commons/1/1e/20251026_Hoof-shaped_Jade_of_Hongshan_Culture.jpg,https://creativecommons.org/licenses/by-sa/4.0,"红山文化箍形／马蹄形玉器 — Windmemories, via Wikimedia Commons, CC BY-SA 4.0",1800x1200,b0f1fb6198b80eb4cef3c82c2c9641e0c7ea08a99d1b76c29a9c98320b06d4d3,2026-07-14T09:37:46+00:00,器物图谱／器型比较,中国国家博物馆展陈照；元数据未指明具体出土地点，不得写作牛河梁出土。,01_open_license/artifacts_sites_expanded/AX001_hoof_jade_nmc.jpg,05_web_ready/artifacts_sites_expanded/AX001_hoof_jade_nmc.webp
AX002,open_license,artifacts_sites_expanded,AX002_jade_axe_npm.jpg,红山文化玉斧／玉钺,Gary Todd,National Palace Museum (Taipei),CC0,open_license_direct_use_with_attribution,allow_with_manifest_conditions,"https://commons.wikimedia.org/wiki/File:Hongshan_Culture_-_Jade_Axe,_4500-3000_BC.jpg",https://upload.wikimedia.org/wikipedia/commons/a/ab/Hongshan_Culture_-_Jade_Axe%2C_4500-3000_BC.jpg,https://creativecommons.org/publicdomain/zero/1.0/deed.en,"红山文化玉斧／玉钺 — Gary Todd, via Wikimedia Commons, CC0",2400x1600,127a29a670747e387fcfeff4ee93d632560bc17d9b8ac479d0ed9fb6f06710ae,2026-07-14T09:37:46+00:00,器物图谱／礼仪权力,台北故宫博物院展陈照；仅按馆方/Commons定名为红山文化，不得补写牛河梁出处。,01_open_license/artifacts_sites_expanded/AX002_jade_axe_npm.jpg,05_web_ready/artifacts_sites_expanded/AX002_jade_axe_npm.webp
AX003,open_license,artifacts_sites_expanded,AX003_jade_eagle_staff_pommel_npm.jpg,红山文化玉鹰形杖首,Gary Todd,National Palace Museum (Taipei),CC0,open_license_direct_use_with_attribution,allow_with_manifest_conditions,https://commons.wikimedia.org/wiki/File:Hongshan_Culture_-_Jade_Eagle_Staff_Pommel.jpg,https://upload.wikimedia.org/wikipedia/commons/6/6c/Hongshan_Culture_-_Jade_Eagle_Staff_Pommel.jpg,https://creativecommons.org/publicdomain/zero/1.0/deed.en,"红山文化玉鹰形杖首 — Gary Todd, via Wikimedia Commons, CC0",2400x1600,d6ea1947170cf130bc3b81f9bad45d6fe8d8ce7f47836a7d5cf15d3959510081,2026-07-14T09:37:46+00:00,器物图谱／动物意象,台北故宫博物院展陈照；出土地点未载，不得写作牛河梁出土。,01_open_license/artifacts_sites_expanded/AX003_jade_eagle_staff_pommel_npm.jpg,05_web_ready/artifacts_sites_expanded/AX003_jade_eagle_staff_pommel_npm.webp
AX004,open_license,artifacts_sites_expanded,AX004_jade_ornament_npm.jpg,红山文化玉饰,Gary Todd,National Palace Museum (Taipei),CC0,open_license_direct_use_with_attribution,allow_with_manifest_conditions,https://commons.wikimedia.org/wiki/File:Hongshan_Culture_-_Jade_Ornament.jpg,https://upload.wikimedia.org/wikipedia/commons/4/4a/Hongshan_Culture_-_Jade_Ornament.jpg,https://creativecommons.org/publicdomain/zero/1.0/deed.en,"红山文化玉饰 — Gary Todd, via Wikimedia Commons, CC0",2400x1600,f5e402bf60ca5a87710cf0f155a63defbd118a8709ac348fe2c207ab97aaa0c9,2026-07-14T09:37:46+00:00,器物图谱／工艺观察,台北故宫博物院展陈照；只可使用馆方/Commons已有文化归属。,01_open_license/artifacts_sites_expanded/AX004_jade_ornament_npm.jpg,05_web_ready/artifacts_sites_expanded/AX004_jade_ornament_npm.webp
AX005,open_license,artifacts_sites_expanded,AX005_jade_ornaments_pair_npm.jpg,红山文化玉饰组合,Gary Todd,National Palace Museum (Taipei),CC0,open_license_direct_use_with_attribution,allow_with_manifest_conditions,https://commons.wikimedia.org/wiki/File:Hongshan_Culture_-_Jade_Ornaments_02.jpg,https://upload.wikimedia.org/wikipedia/commons/8/87/Hongshan_Culture_-_Jade_Ornaments_02.jpg,https://creativecommons.org/publicdomain/zero/1.0/deed.en,"红山文化玉饰组合 — Gary Todd, via Wikimedia Commons, CC0",2400x3600,2c391d2ecfab6edc71b2b7506a6b7591a31f8e588f8b94772d9d57b3c3e2304d,2026-07-14T09:37:46+00:00,器物图谱／器物组合,展陈组合不等于同一墓葬组合；不得推断牛河梁出土或原始共存关系。,01_open_license/artifacts_sites_expanded/AX005_jade_ornaments_pair_npm.jpg,05_web_ready/artifacts_sites_expanded/AX005_jade_ornaments_pair_npm.webp
AX006,open_license,artifacts_sites_expanded,AX006_jade_group_liaoning_03.jpg,辽宁省博物馆红山文化玉器（三）,"Gary Lee Todd, Ph.D.",Liaoning Provincial Museum,CC0,open_license_direct_use_with_attribution,allow_with_manifest_conditions,https://commons.wikimedia.org/wiki/File:Hongshan_Culture_Jade_03.jpg,https://upload.wikimedia.org/wikipedia/commons/5/53/Hongshan_Culture_Jade_03.jpg,https://creativecommons.org/publicdomain/zero/1.0/deed.en,"辽宁省博物馆红山文化玉器（三） — Gary Lee Todd, Ph.D., via Wikimedia Commons, CC0",2400x1600,bbdd34889aeabb3a46443ca67c9e9c82ac10bd09c559594acb0baa54cb5a8314,2026-07-14T09:37:46+00:00,器物图谱／博物馆展陈,辽宁省博物馆展陈照；Commons未给出单件出土地点，不得统称牛河梁出土。,01_open_license/artifacts_sites_expanded/AX006_jade_group_liaoning_03.jpg,05_web_ready/artifacts_sites_expanded/AX006_jade_group_liaoning_03.webp
AX007,open_license,artifacts_sites_expanded,AX007_jade_group_liaoning_09.jpg,辽宁省博物馆红山文化玉器（九）,"Gary Lee Todd, Ph.D.",Liaoning Provincial Museum,CC0,open_license_direct_use_with_attribution,allow_with_manifest_conditions,https://commons.wikimedia.org/wiki/File:Hongshan_Culture_Jade_09.jpg,https://upload.wikimedia.org/wikipedia/commons/a/a4/Hongshan_Culture_Jade_09.jpg,https://creativecommons.org/publicdomain/zero/1.0/deed.en,"辽宁省博物馆红山文化玉器（九） — Gary Lee Todd, Ph.D., via Wikimedia Commons, CC0",2400x1600,c678f77736f84a37cdf5e27cf7980c5ae3d45568ca82d456d309a186d18092dc,2026-07-14T09:37:46+00:00,器物图谱／博物馆展陈,辽宁省博物馆展陈照；不得把展柜编号或拍摄顺序当作考古编号。,01_open_license/artifacts_sites_expanded/AX007_jade_group_liaoning_09.jpg,05_web_ready/artifacts_sites_expanded/AX007_jade_group_liaoning_09.webp
AX008,open_license,artifacts_sites_expanded,AX008_jade_rings_liaoning.jpg,红山文化玉环组合,"Gary Lee Todd, Ph.D.",Liaoning Provincial Museum,CC0,open_license_direct_use_with_attribution,allow_with_manifest_conditions,https://commons.wikimedia.org/wiki/File:Hongshan_Culture_Jade_11.jpg,https://upload.wikimedia.org/wikipedia/commons/d/d3/Hongshan_Culture_Jade_11.jpg,https://creativecommons.org/publicdomain/zero/1.0/deed.en,"红山文化玉环组合 — Gary Lee Todd, Ph.D., via Wikimedia Commons, CC0",2400x1600,c04fb2e823e65a197295ae1a4306e95062a0d004b82042b9480a62d95d216d82,2026-07-14T09:37:46+00:00,器型比较／形制谱系,馆方展陈照；元数据未指明具体遗址，不得写作牛河梁出土。,01_open_license/artifacts_sites_expanded/AX008_jade_rings_liaoning.jpg,05_web_ready/artifacts_sites_expanded/AX008_jade_rings_liaoning.webp
AX009,open_license,artifacts_sites_expanded,AX009_jade_beast_aurora.jpg,红山文化兽形玉器,Gary Todd,Aurora Museum,CC0,open_license_direct_use_with_attribution,allow_with_manifest_conditions,https://commons.wikimedia.org/wiki/File:Hongshan_Culture_Jade_Beast.jpg,https://upload.wikimedia.org/wikipedia/commons/1/17/Hongshan_Culture_Jade_Beast.jpg,https://creativecommons.org/publicdomain/zero/1.0/deed.en,"红山文化兽形玉器 — Gary Todd, via Wikimedia Commons, CC0",2400x1600,0d5dd588189ebd7aa32c4c09397f6e9e866443bd59c257f6acfde3a720ef146f,2026-07-14T09:37:46+00:00,器物图谱／动物意象,震旦博物馆展陈归类；考古出处未载，作为馆藏比较材料，不作为牛河梁出土证据。,01_open_license/artifacts_sites_expanded/AX009_jade_beast_aurora.jpg,05_web_ready/artifacts_sites_expanded/AX009_jade_beast_aurora.webp
AX010,open_license,artifacts_sites_expanded,AX010_jade_bi_liaoning_01.jpg,红山文化玉璧／环形玉器,"Gary Lee Todd, Ph.D.",Liaoning Provincial Museum,CC0,open_license_direct_use_with_attribution,allow_with_manifest_conditions,https://commons.wikimedia.org/wiki/File:Hongshan_Culture_Jade_Bi_Disc_01.jpg,https://upload.wikimedia.org/wikipedia/commons/b/b0/Hongshan_Culture_Jade_Bi_Disc_01.jpg,https://creativecommons.org/publicdomain/zero/1.0/deed.en,"红山文化玉璧／环形玉器 — Gary Lee Todd, Ph.D., via Wikimedia Commons, CC0",2400x1600,d778c0bd07ea1026059977e0eed82f4ab482e1c54fa6b7a2a65a23566c12eb79,2026-07-14T09:37:46+00:00,器型比较／工艺细节,馆方展陈照；具体出土地点未载，不得写作牛河梁出土。,01_open_license/artifacts_sites_expanded/AX010_jade_bi_liaoning_01.jpg,05_web_ready/artifacts_sites_expanded/AX010_jade_bi_liaoning_01.webp
AX011,open_license,artifacts_sites_expanded,AX011_jade_bi_group_liaoning.jpg,红山文化玉璧／玉环组合,"Gary Lee Todd, Ph.D.",Liaoning Provincial Museum,CC0,open_license_direct_use_with_attribution,allow_with_manifest_conditions,https://commons.wikimedia.org/wiki/File:Hongshan_Culture_Jade_Bi_Disc_03.jpg,https://upload.wikimedia.org/wikipedia/commons/5/54/Hongshan_Culture_Jade_Bi_Disc_03.jpg,https://creativecommons.org/publicdomain/zero/1.0/deed.en,"红山文化玉璧／玉环组合 — Gary Lee Todd, Ph.D., via Wikimedia Commons, CC0",2400x1600,e03289286492871569138084dda5a94c8b8f909c7f895eb135a4e50930a0d775,2026-07-14T09:37:46+00:00,器型比较／展陈全景,展柜组合不代表同一考古单位；不得据照片推断共存关系。,01_open_license/artifacts_sites_expanded/AX011_jade_bi_group_liaoning.jpg,05_web_ready/artifacts_sites_expanded/AX011_jade_bi_group_liaoning.webp
AX012,open_license,artifacts_sites_expanded,AX012_jade_bird_capital.jpg,红山文化玉鸟,Gary Todd,Capital Museum,CC0,open_license_direct_use_with_attribution,allow_with_manifest_conditions,https://commons.wikimedia.org/wiki/File:Hongshan_Culture_Jade_Bird.jpg,https://upload.wikimedia.org/wikipedia/commons/a/ab/Hongshan_Culture_Jade_Bird.jpg,https://creativecommons.org/publicdomain/zero/1.0/deed.en,"红山文化玉鸟 — Gary Todd, via Wikimedia Commons, CC0",2400x1600,ef0f153da09300b725e77299e112ae84a79ce2553c2f8e3e39e56eb88d557859,2026-07-14T09:37:46+00:00,器物图谱／动物意象,首都博物馆展陈照；出土地点未载，不得写作牛河梁出土。,01_open_license/artifacts_sites_expanded/AX012_jade_bird_capital.jpg,05_web_ready/artifacts_sites_expanded/AX012_jade_bird_capital.webp
AX013,open_license,artifacts_sites_expanded,AX013_jade_cloud_capital.jpg,红山文化勾云形玉器,Gary Todd,Capital Museum,CC0,open_license_direct_use_with_attribution,allow_with_manifest_conditions,https://commons.wikimedia.org/wiki/File:Hongshan_Culture_Jade_Cloud.jpg,https://upload.wikimedia.org/wikipedia/commons/5/58/Hongshan_Culture_Jade_Cloud.jpg,https://creativecommons.org/publicdomain/zero/1.0/deed.en,"红山文化勾云形玉器 — Gary Todd, via Wikimedia Commons, CC0",2400x1600,4af53aa98e92514de8659ec582b6565e0963e938cbfc65bd548f89e4b75997bc,2026-07-14T09:37:46+00:00,器物图谱／符号形制,首都博物馆展陈照；不得将馆藏比较材料转写为牛河梁考古证据。,01_open_license/artifacts_sites_expanded/AX013_jade_cloud_capital.jpg,05_web_ready/artifacts_sites_expanded/AX013_jade_cloud_capital.webp
AX014,open_license,artifacts_sites_expanded,AX014_jade_dragon_aurora.jpg,红山文化玉龙,Gary Todd,Aurora Museum,CC0,open_license_direct_use_with_attribution,allow_with_manifest_conditions,https://commons.wikimedia.org/wiki/File:Hongshan_Culture_Jade_Dragon.jpg,https://upload.wikimedia.org/wikipedia/commons/7/72/Hongshan_Culture_Jade_Dragon.jpg,https://creativecommons.org/publicdomain/zero/1.0/deed.en,"红山文化玉龙 — Gary Todd, via Wikimedia Commons, CC0",2400x3600,231792ab27c1ad835ee80a572f8d528eb2b040a78c4d9d8762b8f1d44b537d97,2026-07-14T09:37:46+00:00,器物图谱／龙形比较,震旦博物馆展陈归类；无明确考古出处，不能用来证明牛河梁出土。,01_open_license/artifacts_sites_expanded/AX014_jade_dragon_aurora.jpg,05_web_ready/artifacts_sites_expanded/AX014_jade_dragon_aurora.webp
AX015,open_license,artifacts_sites_expanded,AX015_jade_eagle_shanghai.jpg,红山文化玉鹰,"Gary Lee Todd, Ph.D.",Shanghai Museum,CC0,open_license_direct_use_with_attribution,allow_with_manifest_conditions,https://commons.wikimedia.org/wiki/File:Hongshan_Culture_Jade_Eagle.jpg,https://upload.wikimedia.org/wikipedia/commons/9/9b/Hongshan_Culture_Jade_Eagle.jpg,https://creativecommons.org/publicdomain/zero/1.0/deed.en,"红山文化玉鹰 — Gary Lee Todd, Ph.D., via Wikimedia Commons, CC0",2400x1600,8768ea0c76a1a768f7314dcaee4033ea52edb08ae676a2bb6ac71e4e5911daeb,2026-07-14T09:37:46+00:00,器物图谱／动物意象,上海博物馆展陈照；具体出土地点未载，不得写作牛河梁出土。,01_open_license/artifacts_sites_expanded/AX015_jade_eagle_shanghai.jpg,05_web_ready/artifacts_sites_expanded/AX015_jade_eagle_shanghai.webp
AX016,open_license,artifacts_sites_expanded,AX016_jade_humanoid_aurora.jpg,红山文化人形玉器,Gary Todd,Aurora Museum,CC0,open_license_direct_use_with_attribution,allow_with_manifest_conditions,https://commons.wikimedia.org/wiki/File:Hongshan_Culture_Jade_Humanoid_Figure.jpg,https://upload.wikimedia.org/wikipedia/commons/6/6f/Hongshan_Culture_Jade_Humanoid_Figure.jpg,https://creativecommons.org/publicdomain/zero/1.0/deed.en,"红山文化人形玉器 — Gary Todd, via Wikimedia Commons, CC0",2400x3544,911bf9aca791f94e7633c088b79c5942a6290f708f52764a287d6dffee7f76f2,2026-07-14T09:37:46+00:00,器物图谱／人形比较,震旦博物馆展陈归类；与牛河梁出土玉人不可混同。,01_open_license/artifacts_sites_expanded/AX016_jade_humanoid_aurora.jpg,05_web_ready/artifacts_sites_expanded/AX016_jade_humanoid_aurora.webp
AX017,open_license,artifacts_sites_expanded,AX017_jade_macehead_shanghai.jpg,红山文化玉杖首／权杖头,"Gary Lee Todd, Ph.D.",Shanghai Museum,CC0,open_license_direct_use_with_attribution,allow_with_manifest_conditions,https://commons.wikimedia.org/wiki/File:Hongshan_Culture_Jade_Macehead.jpg,https://upload.wikimedia.org/wikipedia/commons/2/28/Hongshan_Culture_Jade_Macehead.jpg,https://creativecommons.org/publicdomain/zero/1.0/deed.en,"红山文化玉杖首／权杖头 — Gary Lee Todd, Ph.D., via Wikimedia Commons, CC0",2400x1600,eda0497c5f0fcf112857561628dab76dff4480fbb4682b3324c8708f8256ba2e,2026-07-14T09:37:46+00:00,器物图谱／礼仪权力,上海博物馆展陈照；具体出土地点未载。,01_open_license/artifacts_sites_expanded/AX017_jade_macehead_shanghai.jpg,05_web_ready/artifacts_sites_expanded/AX017_jade_macehead_shanghai.webp
AX018,open_license,artifacts_sites_expanded,AX018_jade_pendant_shanghai.jpg,红山文化玉佩,"Gary Lee Todd, Ph.D.",Shanghai Museum,CC0,open_license_direct_use_with_attribution,allow_with_manifest_conditions,https://commons.wikimedia.org/wiki/File:Hongshan_Culture_Jade_Pendant.jpg,https://upload.wikimedia.org/wikipedia/commons/e/e7/Hongshan_Culture_Jade_Pendant.jpg,https://creativecommons.org/publicdomain/zero/1.0/deed.en,"红山文化玉佩 — Gary Lee Todd, Ph.D., via Wikimedia Commons, CC0",2400x1600,45a556851c50fd0739dba535c8615aae6db733bb4a5d4444e71e2bec628b0a2e,2026-07-14T09:37:46+00:00,器物图谱／佩戴方式,上海博物馆展陈照；不得从造型自行推断用途或牛河梁出处。,01_open_license/artifacts_sites_expanded/AX018_jade_pendant_shanghai.jpg,05_web_ready/artifacts_sites_expanded/AX018_jade_pendant_shanghai.webp
AX019,open_license,artifacts_sites_expanded,AX019_jade_pig_dragon_shanghai.jpg,红山文化玉猪龙,"Gary Lee Todd, Ph.D.",Shanghai Museum,CC0,open_license_direct_use_with_attribution,allow_with_manifest_conditions,https://commons.wikimedia.org/wiki/File:Hongshan_Culture_Jade_Pig_Dragon_01.jpg,https://upload.wikimedia.org/wikipedia/commons/a/a3/Hongshan_Culture_Jade_Pig_Dragon_01.jpg,https://creativecommons.org/publicdomain/zero/1.0/deed.en,"红山文化玉猪龙 — Gary Lee Todd, Ph.D., via Wikimedia Commons, CC0",2400x1600,3df7d21a97290de695fb68fe7f6e2ff423f996214ea1905b017332efafdb6b37,2026-07-14T09:37:46+00:00,器物图谱／猪龙比较,上海博物馆展陈照；作为跨馆比较材料，不得写作牛河梁出土。,01_open_license/artifacts_sites_expanded/AX019_jade_pig_dragon_shanghai.jpg,05_web_ready/artifacts_sites_expanded/AX019_jade_pig_dragon_shanghai.webp
AX020,open_license,artifacts_sites_expanded,AX020_jade_square_bi_shanghai.jpg,红山文化方形玉璧,"Gary Lee Todd, Ph.D.",Shanghai Museum,CC0,open_license_direct_use_with_attribution,allow_with_manifest_conditions,https://commons.wikimedia.org/wiki/File:Hongshan_Culture_Jade_Square_Bi.jpg,https://upload.wikimedia.org/wikipedia/commons/9/98/Hongshan_Culture_Jade_Square_Bi.jpg,https://creativecommons.org/publicdomain/zero/1.0/deed.en,"红山文化方形玉璧 — Gary Lee Todd, Ph.D., via Wikimedia Commons, CC0",2400x1600,8fcf092ba896e225568f0a74dd6be866616df813d4c1c3b526d6ea524a9e2504,2026-07-14T09:37:46+00:00,器型比较／礼仪器,上海博物馆展陈照；具体出土地点未载。,01_open_license/artifacts_sites_expanded/AX020_jade_square_bi_shanghai.jpg,05_web_ready/artifacts_sites_expanded/AX020_jade_square_bi_shanghai.webp
AX021,open_license,artifacts_sites_expanded,AX021_jade_tortoise_aurora.jpg,红山文化龟形玉器,Gary Todd,Aurora Museum,CC0,open_license_direct_use_with_attribution,allow_with_manifest_conditions,https://commons.wikimedia.org/wiki/File:Hongshan_Culture_Jade_Tortoise.jpg,https://upload.wikimedia.org/wikipedia/commons/c/c5/Hongshan_Culture_Jade_Tortoise.jpg,https://creativecommons.org/publicdomain/zero/1.0/deed.en,"红山文化龟形玉器 — Gary Todd, via Wikimedia Commons, CC0",2400x1600,c9667ce0b706d0f4b04da92f6d2f3b1e2f2379d88e438473fbafc527ab328450,2026-07-14T09:37:46+00:00,器物图谱／动物意象,震旦博物馆展陈归类；无明确考古出处，不得写作牛河梁出土。,01_open_license/artifacts_sites_expanded/AX021_jade_tortoise_aurora.jpg,05_web_ready/artifacts_sites_expanded/AX021_jade_tortoise_aurora.webp
AX022,open_license,artifacts_sites_expanded,AX022_stone_knife_liaoning.jpg,红山文化石刀,"Gary Lee Todd, Ph.D.",Liaoning Provincial Museum,CC0,open_license_direct_use_with_attribution,allow_with_manifest_conditions,https://commons.wikimedia.org/wiki/File:Hongshan_Culture_Stone_Knife.jpg,https://upload.wikimedia.org/wikipedia/commons/5/5d/Hongshan_Culture_Stone_Knife.jpg,https://creativecommons.org/publicdomain/zero/1.0/deed.en,"红山文化石刀 — Gary Lee Todd, Ph.D., via Wikimedia Commons, CC0",2400x1600,9a9a4dfc34b778bd05d16746ebda09a9589010d06c8f3564a7abb334b8f12ed7,2026-07-14T09:37:46+00:00,生产生活／技术系统,辽宁省博物馆展陈照；具体出土地点未载，不得写作牛河梁出土。,01_open_license/artifacts_sites_expanded/AX022_stone_knife_liaoning.jpg,05_web_ready/artifacts_sites_expanded/AX022_stone_knife_liaoning.webp
AX023,open_license,artifacts_sites_expanded,AX023_stone_tools_liaoning_02.jpg,红山文化石器组合（二）,"Gary Lee Todd, Ph.D.",Liaoning Provincial Museum,CC0,open_license_direct_use_with_attribution,allow_with_manifest_conditions,https://commons.wikimedia.org/wiki/File:Hongshan_Culture_Stone_Tools_02.jpg,https://upload.wikimedia.org/wikipedia/commons/a/ac/Hongshan_Culture_Stone_Tools_02.jpg,https://creativecommons.org/publicdomain/zero/1.0/deed.en,"红山文化石器组合（二） — Gary Lee Todd, Ph.D., via Wikimedia Commons, CC0",2400x1600,611f8befb7bdf40773b41a9a2643ea3a0f76b87dfd4cea5e288cad303fc9ba39,2026-07-14T09:37:46+00:00,生产生活／技术系统,展柜组合是博物馆陈列，不等于同一遗址或同一考古单位。,01_open_license/artifacts_sites_expanded/AX023_stone_tools_liaoning_02.jpg,05_web_ready/artifacts_sites_expanded/AX023_stone_tools_liaoning_02.webp
AX024,open_license,artifacts_sites_expanded,AX024_stone_tools_liaoning_03.jpg,红山文化石器组合（三）,"Gary Lee Todd, Ph.D.",Liaoning Provincial Museum,CC0,open_license_direct_use_with_attribution,allow_with_manifest_conditions,https://commons.wikimedia.org/wiki/File:Hongshan_Culture_Stone_Tools_03.jpg,https://upload.wikimedia.org/wikipedia/commons/d/d8/Hongshan_Culture_Stone_Tools_03.jpg,https://creativecommons.org/publicdomain/zero/1.0/deed.en,"红山文化石器组合（三） — Gary Lee Todd, Ph.D., via Wikimedia Commons, CC0",2400x1600,6ee6ab423e9fe186906676873c8916be24ba992858d148b3a248a40061432d6c,2026-07-14T09:37:46+00:00,生产生活／技术系统,展柜组合是博物馆陈列；不得推断所有器物均出自牛河梁。,01_open_license/artifacts_sites_expanded/AX024_stone_tools_liaoning_03.jpg,05_web_ready/artifacts_sites_expanded/AX024_stone_tools_liaoning_03.webp
AX025,open_license,artifacts_sites_expanded,AX025_jade_burial_group_liaoning_02.jpg,红山文化玉器随葬展示（二）,"Gary Lee Todd, Ph.D.",Liaoning Provincial Museum,CC0,open_license_direct_use_with_attribution,allow_with_manifest_conditions,https://commons.wikimedia.org/wiki/File:Hongshan_Jade_Burial_Objects_02.jpg,https://upload.wikimedia.org/wikipedia/commons/0/0c/Hongshan_Jade_Burial_Objects_02.jpg,https://creativecommons.org/publicdomain/zero/1.0/deed.en,"红山文化玉器随葬展示（二） — Gary Lee Todd, Ph.D., via Wikimedia Commons, CC0",2400x1600,8f54451ab566fc25ffe6248c3a06c51c929822ee2027ea4eb507adbcd25863a7,2026-07-14T09:37:46+00:00,墓葬证据／组合关系,照片记录博物馆的随葬主题展陈；未提供具体墓号，不能直接对应牛河梁某座墓。,01_open_license/artifacts_sites_expanded/AX025_jade_burial_group_liaoning_02.jpg,05_web_ready/artifacts_sites_expanded/AX025_jade_burial_group_liaoning_02.webp
AX026,open_license,artifacts_sites_expanded,AX026_jade_burial_group_liaoning_06.jpg,红山文化玉器随葬展示（六）,"Gary Lee Todd, Ph.D.",Liaoning Provincial Museum,CC0,open_license_direct_use_with_attribution,allow_with_manifest_conditions,https://commons.wikimedia.org/wiki/File:Hongshan_Jade_Burial_Objects_06.jpg,https://upload.wikimedia.org/wikipedia/commons/6/69/Hongshan_Jade_Burial_Objects_06.jpg,https://creativecommons.org/publicdomain/zero/1.0/deed.en,"红山文化玉器随葬展示（六） — Gary Lee Todd, Ph.D., via Wikimedia Commons, CC0",2400x1600,b5100befff181af6517f400d22839da466e6fd708e1c02a2766510eaa1f120cb,2026-07-14T09:37:46+00:00,墓葬证据／组合关系,照片记录博物馆展陈；Commons系列编号不是考古单位编号。,01_open_license/artifacts_sites_expanded/AX026_jade_burial_group_liaoning_06.jpg,05_web_ready/artifacts_sites_expanded/AX026_jade_burial_group_liaoning_06.webp
AX027,open_license,artifacts_sites_expanded,AX027_jade_pig_dragon_capital.jpg,红山文化玉猪龙,Gary Todd,Capital Museum,CC0,open_license_direct_use_with_attribution,allow_with_manifest_conditions,https://commons.wikimedia.org/wiki/File:Hongshan_Jade_Pig-dragon.jpg,https://upload.wikimedia.org/wikipedia/commons/f/fe/Hongshan_Jade_Pig-dragon.jpg,https://creativecommons.org/publicdomain/zero/1.0/deed.en,"红山文化玉猪龙 — Gary Todd, via Wikimedia Commons, CC0",2400x3600,77c7aceab3b3df1684185b7055ccfb4d06bbd480f7fe3ff475a42460ea5d2cb6,2026-07-14T09:37:46+00:00,器物图谱／猪龙比较,首都博物馆展陈照；出土地点未载，不得写作牛河梁出土。,01_open_license/artifacts_sites_expanded/AX027_jade_pig_dragon_capital.jpg,05_web_ready/artifacts_sites_expanded/AX027_jade_pig_dragon_capital.webp
AX028,open_license,artifacts_sites_expanded,AX028_hooked_cloud_pendant_npm.jpg,红山文化晚期勾云形玉佩,anonymous,National Palace Museum (Taipei),CC BY 4.0,open_license_direct_use_with_attribution,allow_with_manifest_conditions,https://commons.wikimedia.org/wiki/File:Jade_pei_pendant_in_the_shape_of_hooked_cloud.jpg,https://upload.wikimedia.org/wikipedia/commons/c/c5/Jade_pei_pendant_in_the_shape_of_hooked_cloud.jpg,https://creativecommons.org/licenses/by/4.0,"红山文化晚期勾云形玉佩 — anonymous, via Wikimedia Commons, CC BY 4.0",2400x1595,1a1f81807bff5a46b37e84965341037943e44b0c80733ccc2b2cccdd8b48238b,2026-07-14T09:37:46+00:00,器物特写／符号形制,Commons元数据给出馆藏号与年代，但未给出出土地点；不得写作牛河梁出土。,01_open_license/artifacts_sites_expanded/AX028_hooked_cloud_pendant_npm.jpg,05_web_ready/artifacts_sites_expanded/AX028_hooked_cloud_pendant_npm.webp
AX029,open_license,artifacts_sites_expanded,AX029_jade_pendant_npm_01.jpg,红山文化玉佩（一）,Gary Todd,National Palace Museum (Taipei),CC0,open_license_direct_use_with_attribution,allow_with_manifest_conditions,"https://commons.wikimedia.org/wiki/File:Jade_Pei_Pendant,_Hongshan_Culture_01.jpg",https://upload.wikimedia.org/wikipedia/commons/8/81/Jade_Pei_Pendant%2C_Hongshan_Culture_01.jpg,https://creativecommons.org/publicdomain/zero/1.0/deed.en,"红山文化玉佩（一） — Gary Todd, via Wikimedia Commons, CC0",2400x1600,a0da2c6ff74ac782246a902f89813ba30290a3c256976f4b31ff0c44a84dbe4b,2026-07-14T09:37:46+00:00,器物图谱／佩饰比较,台北故宫博物院展陈照；具体出土地点未载。,01_open_license/artifacts_sites_expanded/AX029_jade_pendant_npm_01.jpg,05_web_ready/artifacts_sites_expanded/AX029_jade_pendant_npm_01.webp
AX030,open_license,artifacts_sites_expanded,AX030_jade_pendant_npm_02.jpg,红山文化玉佩（二）,Gary Todd,National Palace Museum (Taipei),CC0,open_license_direct_use_with_attribution,allow_with_manifest_conditions,"https://commons.wikimedia.org/wiki/File:Jade_Pei_Pendant,_Hongshan_Culture_02.jpg",https://upload.wikimedia.org/wikipedia/commons/d/d9/Jade_Pei_Pendant%2C_Hongshan_Culture_02.jpg,https://creativecommons.org/publicdomain/zero/1.0/deed.en,"红山文化玉佩（二） — Gary Todd, via Wikimedia Commons, CC0",2400x1600,5958a8ad8ffa148becfd4b3a45ab51f867abb6813a4ac33cc3866f8f56e6c99e,2026-07-14T09:37:46+00:00,器物图谱／佩饰比较,台北故宫博物院展陈照；具体出土地点未载。,01_open_license/artifacts_sites_expanded/AX030_jade_pendant_npm_02.jpg,05_web_ready/artifacts_sites_expanded/AX030_jade_pendant_npm_02.webp
AX031,open_license,artifacts_sites_expanded,AX031_jade_dragon_nmc_sanxingtala.jpg,红山文化玉龙,Gary Todd,National Museum of China,CC0,open_license_direct_use_with_attribution,allow_with_manifest_conditions,"https://commons.wikimedia.org/wiki/File:Neolithic_Hongshan_Culture_Jade_Dragon,_c._4000-3000_BC.jpg",https://upload.wikimedia.org/wikipedia/commons/6/65/Neolithic_Hongshan_Culture_Jade_Dragon%2C_c._4000-3000_BC.jpg,https://creativecommons.org/publicdomain/zero/1.0/deed.en,"红山文化玉龙 — Gary Todd, via Wikimedia Commons, CC0",2400x3600,aec5de9f2496a220bd388c2fe2dba14aa47e95c8978c292e3ea4355ae937b445,2026-07-14T09:37:46+00:00,核心器物／龙形谱系,此器来自内蒙古三星他拉，不是牛河梁出土；发现年份请以馆方/权威目录最终校核。,01_open_license/artifacts_sites_expanded/AX031_jade_dragon_nmc_sanxingtala.jpg,05_web_ready/artifacts_sites_expanded/AX031_jade_dragon_nmc_sanxingtala.webp
AX032,open_license,artifacts_sites_expanded,AX032_bovine_head_seated_figure_cleveland.jpg,牛首坐姿人形护符（馆方定为可能属红山文化）,The Cleveland Museum of Art,The Cleveland Museum of Art,CC0,open_license_direct_use,allow_with_manifest_conditions,https://www.clevelandart.org/art/1953.628,https://openaccess-cdn.clevelandart.org/1953.628/1953.628_print.jpg,https://creativecommons.org/publicdomain/zero/1.0/,"牛首坐姿人形护符（馆方定为可能属红山文化） — The Cleveland Museum of Art, CC0",2302x3400,ba239de64494c3e2bc1e9527c9749a77c774d4cd541ca4e92727ddc8c1319cd7,2026-07-14T09:37:46+00:00,器物图谱／跨馆比较,馆方使用 probably Hongshan culture；必须保留“可能属”限定，不得写作牛河梁出土。,01_open_license/artifacts_sites_expanded/AX032_bovine_head_seated_figure_cleveland.jpg,05_web_ready/artifacts_sites_expanded/AX032_bovine_head_seated_figure_cleveland.webp
AX033,open_license,artifacts_sites_expanded,AX033_ceremonial_disk_axe_cleveland.jpg,礼仪圆盘钺,The Cleveland Museum of Art,The Cleveland Museum of Art,CC0,open_license_direct_use,allow_with_manifest_conditions,https://www.clevelandart.org/art/1991.6,https://openaccess-cdn.clevelandart.org/1991.6/1991.6_print.jpg,https://creativecommons.org/publicdomain/zero/1.0/,"礼仪圆盘钺 — The Cleveland Museum of Art, CC0",3400x2859,c8460f9c780b1de46e4685ceb0b866753f6dab1b099082f38db29b9e32f82640,2026-07-14T09:37:46+00:00,器物图谱／礼仪权力,馆方定为东北中国红山文化；无牛河梁出土信息，不得补写。,01_open_license/artifacts_sites_expanded/AX033_ceremonial_disk_axe_cleveland.jpg,05_web_ready/artifacts_sites_expanded/AX033_ceremonial_disk_axe_cleveland.webp
EC001,open_license,early_culture_sequence,EC001_xiaohexi_pottery_miniature_head.jpg,小河西文化陶塑微型人头像,Furius,中国考古博物馆；出土地：内蒙古敖汉旗榆树山遗址,CC0 1.0,open_license_direct_use_with_attribution,allow_with_manifest_conditions,https://commons.wikimedia.org/wiki/File:Pottery%20miniature%20head%2C%20Neolithic%2C%20Xiaohexi%20Culture%20(ca.%206500%20BC)%2C%20Yushushan%20site%2C%20Aohan%2C%20Inner%20Mongolia.jpg,https://upload.wikimedia.org/wikipedia/commons/4/48/Pottery_miniature_head%2C_Neolithic%2C_Xiaohexi_Culture_(ca._6500_BC)%2C_Yushushan_site%2C_Aohan%2C_Inner_Mongolia.jpg,https://creativecommons.org/publicdomain/zero/1.0/,"Photo: Furius / Wikimedia Commons, CC0 1.0",885x1271,be73ff4dbd6ccc99a7739271fa5f354f51ccd9ee5bb4d80b484c3ca074a76a98,2026-07-14T10:22:08.030Z,H04 文化序列：小河西文化起点；器物卡片,约公元前6500年（按 Commons 源页题名）；仅可说明该照片所示器物被源页标注为小河西文化、榆树山遗址出土；不要由单件器物推断其与红山文化构成单线直接祖先关系。,01_open_license/early_culture_sequence/EC001_xiaohexi_pottery_miniature_head.jpg,05_web_ready/early_culture_sequence/EC001_xiaohexi_pottery_miniature_head.webp
EC002,open_license,early_culture_sequence,EC002_xinglongwa_cord_marked_pottery_jar.jpg,兴隆洼文化绳纹陶罐,Prof. Gary Lee Todd,中国国家博物馆；来源页标注辽宁,CC BY-SA 4.0（亦提供 GFDL/较早 BY-SA 版本）,open_license_direct_use_with_attribution,allow_with_manifest_conditions,https://commons.wikimedia.org/wiki/File:Neolithic%20pottery%20jar%2C%20Xinglongwa%20Culture%2C%20Liaoning%2C%201990.JPG,https://upload.wikimedia.org/wikipedia/commons/e/e3/Neolithic_pottery_jar%2C_Xinglongwa_Culture%2C_Liaoning%2C_1990.JPG,https://creativecommons.org/licenses/by-sa/4.0/,"Photo: Prof. Gary Lee Todd / Wikimedia Commons, CC BY-SA 4.0",634x994,40099c96e6d590701770de632b3248b396ba0fd678b4e2965d13ff51825edad3,2026-07-14T10:22:08.947Z,H04 文化序列：兴隆洼文化；陶器工艺卡,约公元前6200—5200年（兴隆洼文化常用口径）；为博物馆陈列器物照片；不得写成牛河梁出土，亦不得把照片拍摄年份“1990”误作器物年代。,01_open_license/early_culture_sequence/EC002_xinglongwa_cord_marked_pottery_jar.jpg,05_web_ready/early_culture_sequence/EC002_xinglongwa_cord_marked_pottery_jar.webp
EC003,open_license,early_culture_sequence,EC003_xinglongwa_open_mouth_cylindrical_jar.jpg,兴隆洼文化敞口筒形陶罐,Siyuwj,中国考古博物馆；出土地：内蒙古敖汉旗兴隆洼遗址,CC BY-SA 4.0,open_license_direct_use_with_attribution,allow_with_manifest_conditions,https://commons.wikimedia.org/wiki/File:%E5%85%B4%E9%9A%86%E6%B4%BC%E6%96%87%E5%8C%96%E6%95%9E%E5%8F%A3%E7%AD%92%E5%BD%A2%E9%99%B6%E7%BD%90%2C%202024-06-22.jpg,https://upload.wikimedia.org/wikipedia/commons/a/a4/%E5%85%B4%E9%9A%86%E6%B4%BC%E6%96%87%E5%8C%96%E6%95%9E%E5%8F%A3%E7%AD%92%E5%BD%A2%E9%99%B6%E7%BD%90%2C_2024-06-22.jpg,https://creativecommons.org/licenses/by-sa/4.0/,"Photo: Siyuwj / Wikimedia Commons, CC BY-SA 4.0",1600x2400,4a4bbf40d7d2b949f46a2127bc98e2feff869f524805e35ae491297e0946a0ac,2026-07-14T10:22:09.891Z,H04 文化序列：兴隆洼文化主图,约公元前6200—5200年（按源页展签）；可用于说明兴隆洼文化常见筒形罐形制；不是牛河梁器物。,01_open_license/early_culture_sequence/EC003_xinglongwa_open_mouth_cylindrical_jar.jpg,05_web_ready/early_culture_sequence/EC003_xinglongwa_open_mouth_cylindrical_jar.webp
EC004,open_license,early_culture_sequence,EC004_xinglongwa_pottery_group_01.jpg,兴隆洼文化陶器群（一）,Siyuwj,中国考古博物馆,CC BY-SA 4.0,open_license_direct_use_with_attribution,allow_with_manifest_conditions,https://commons.wikimedia.org/wiki/File:%E5%85%B4%E9%9A%86%E6%B4%BC%E6%96%87%E5%8C%96%E9%99%B6%E5%99%A8%E7%BE%A4%2C%202024-06-22%2001.jpg,https://upload.wikimedia.org/wikipedia/commons/1/1c/%E5%85%B4%E9%9A%86%E6%B4%BC%E6%96%87%E5%8C%96%E9%99%B6%E5%99%A8%E7%BE%A4%2C_2024-06-22_01.jpg,https://creativecommons.org/licenses/by-sa/4.0/,"Photo: Siyuwj / Wikimedia Commons, CC BY-SA 4.0",2400x1600,bff012bf5e704daecdceaf0f23bc9fdfd8d80195348880a60434a17427db430d,2026-07-14T10:22:10.836Z,H04 文化序列：兴隆洼器物谱系横滑卡,约公元前6200—5200年（文化年代；单件器物年代以展签为准）；源页只明确为兴隆洼文化陶器群；不得自行补写每件器物名称或具体出土地。,01_open_license/early_culture_sequence/EC004_xinglongwa_pottery_group_01.jpg,05_web_ready/early_culture_sequence/EC004_xinglongwa_pottery_group_01.webp
EC005,open_license,early_culture_sequence,EC005_xinglongwa_pottery_group_02.jpg,兴隆洼文化陶器群（二）,Siyuwj,中国考古博物馆,CC BY-SA 4.0,open_license_direct_use_with_attribution,allow_with_manifest_conditions,https://commons.wikimedia.org/wiki/File:%E5%85%B4%E9%9A%86%E6%B4%BC%E6%96%87%E5%8C%96%E9%99%B6%E5%99%A8%E7%BE%A4%2C%202024-06-22%2002.jpg,https://upload.wikimedia.org/wikipedia/commons/8/82/%E5%85%B4%E9%9A%86%E6%B4%BC%E6%96%87%E5%8C%96%E9%99%B6%E5%99%A8%E7%BE%A4%2C_2024-06-22_02.jpg,https://creativecommons.org/licenses/by-sa/4.0/,"Photo: Siyuwj / Wikimedia Commons, CC BY-SA 4.0",2400x1600,5616e400fdb7078c034d5342f1d6002e468513b74e8334975e899e8ab9703778,2026-07-14T10:22:11.775Z,H04 文化序列：兴隆洼器物谱系横滑卡,约公元前6200—5200年（文化年代；单件器物年代以展签为准）；与 EC004 为同一文化的不同陈列照片；不得当成两个独立遗址或两批明确有层位关系的材料。,01_open_license/early_culture_sequence/EC005_xinglongwa_pottery_group_02.jpg,05_web_ready/early_culture_sequence/EC005_xinglongwa_pottery_group_02.webp
EC006,open_license,early_culture_sequence,EC006_xinglongwa_grinding_slab_and_roller.jpg,兴隆洼文化石磨棒、石磨盘,Siyuwj,中国考古博物馆；出土地：内蒙古敖汉旗兴隆洼遗址,CC BY-SA 4.0,open_license_direct_use_with_attribution,allow_with_manifest_conditions,https://commons.wikimedia.org/wiki/File:%E5%85%B4%E9%9A%86%E6%B4%BC%E6%96%87%E5%8C%96%E7%9F%B3%E7%A3%A8%E6%A3%92%E3%80%81%E7%9F%B3%E7%A3%A8%E7%9B%98%2C%202024-06-22.jpg,https://upload.wikimedia.org/wikipedia/commons/9/9c/%E5%85%B4%E9%9A%86%E6%B4%BC%E6%96%87%E5%8C%96%E7%9F%B3%E7%A3%A8%E6%A3%92%E3%80%81%E7%9F%B3%E7%A3%A8%E7%9B%98%2C_2024-06-22.jpg,https://creativecommons.org/licenses/by-sa/4.0/,"Photo: Siyuwj / Wikimedia Commons, CC BY-SA 4.0",2400x1600,1aa5f056fb19cc111ffa356f44451b6a2b31c90416e3792c23356ec35ebefab3,2026-07-14T10:22:12.714Z,H04 文化序列：生业与定居证据卡,约公元前6200—5200年（按源页展签）；源页转述残留物分析涉及山药、橡子、粟、黍；网站若采用该结论，应另引正式考古/科技考古文献，不只依赖图片说明。,01_open_license/early_culture_sequence/EC006_xinglongwa_grinding_slab_and_roller.jpg,05_web_ready/early_culture_sequence/EC006_xinglongwa_grinding_slab_and_roller.webp
EC007,open_license,early_culture_sequence,EC007_xinglongwa_jade_jue_2024.jpg,兴隆洼文化玉玦,Siyuwj,中国考古博物馆,CC BY-SA 4.0,open_license_direct_use_with_attribution,allow_with_manifest_conditions,https://commons.wikimedia.org/wiki/File:%E5%85%B4%E9%9A%86%E6%B4%BC%E6%96%87%E5%8C%96%E7%8E%89%E7%8E%A6%2C%202024-06-22.jpg,https://upload.wikimedia.org/wikipedia/commons/7/75/%E5%85%B4%E9%9A%86%E6%B4%BC%E6%96%87%E5%8C%96%E7%8E%89%E7%8E%A6%2C_2024-06-22.jpg,https://creativecommons.org/licenses/by-sa/4.0/,"Photo: Siyuwj / Wikimedia Commons, CC BY-SA 4.0",2400x1600,73e0c0048ab906b08b078fc7eac891d2c04a852c1260822aef3f7e4ee02b88a4,2026-07-14T10:22:13.647Z,H04 文化序列：早期玉器传统卡,约公元前6200—5200年（文化年代；具体器物年代以展签为准）；可用于说明辽西早期玉器传统；不得写成红山文化玉玦或牛河梁出土。,01_open_license/early_culture_sequence/EC007_xinglongwa_jade_jue_2024.jpg,05_web_ready/early_culture_sequence/EC007_xinglongwa_jade_jue_2024.webp
EC008,open_license,early_culture_sequence,EC008_xinglongwa_green_jade_jue.jpg,兴隆洼遗址绿玉玦,Furius,中国考古博物馆；出土地：内蒙古敖汉旗兴隆洼遗址,CC0 1.0,open_license_direct_use_with_attribution,allow_with_manifest_conditions,https://commons.wikimedia.org/wiki/File:Green%20jade%20jue%2C%20Neolithic%2C%20Xinglongwa%20culture%20(6200-5200%20BC)%2C%20Xinglongwa%20site%2C%20Aohan%2C%20Inner%20Mongolia.jpg,https://upload.wikimedia.org/wikipedia/commons/e/e1/Green_jade_jue%2C_Neolithic%2C_Xinglongwa_culture_(6200-5200_BC)%2C_Xinglongwa_site%2C_Aohan%2C_Inner_Mongolia.jpg,https://creativecommons.org/publicdomain/zero/1.0/,"Photo: Furius / Wikimedia Commons, CC0 1.0",1948x1353,fa53ecc657e68ec9cd7178da9cac156a739a50eb8ee7fc6ff9fc6ab1a10f5f55,2026-07-14T10:22:14.573Z,H04 文化序列：玉玦细节放大/备选主图,约公元前6200—5200年（按源页题名）；与 EC007 可能表现同类或相近展品；上线前应以照片中的展签和源页确认是否为同一件，避免当作两件独立器物计数。,01_open_license/early_culture_sequence/EC008_xinglongwa_green_jade_jue.jpg,05_web_ready/early_culture_sequence/EC008_xinglongwa_green_jade_jue.webp
EC009,open_license,early_culture_sequence,EC009_xinglongwa_skull_plaque_2024.jpg,兴隆洼文化人头盖骨牌饰,Siyuwj,中国考古博物馆,CC BY-SA 4.0,open_license_direct_use_with_attribution,allow_with_manifest_conditions,https://commons.wikimedia.org/wiki/File:%E5%85%B4%E9%9A%86%E6%B4%BC%E6%96%87%E5%8C%96%E4%BA%BA%E5%A4%B4%E7%9B%96%E9%AA%A8%E7%89%8C%E9%A5%B0%2C%202024-06-22.jpg,https://upload.wikimedia.org/wikipedia/commons/c/ca/%E5%85%B4%E9%9A%86%E6%B4%BC%E6%96%87%E5%8C%96%E4%BA%BA%E5%A4%B4%E7%9B%96%E9%AA%A8%E7%89%8C%E9%A5%B0%2C_2024-06-22.jpg,https://creativecommons.org/licenses/by-sa/4.0/,"Photo: Siyuwj / Wikimedia Commons, CC BY-SA 4.0",2400x1600,38ad40d73d09fee0ce3de15751362d80842f2a74e700afe92bf3cc0889033043,2026-07-14T10:22:15.509Z,H04 文化序列：特殊材质器物（可选，需内容提示）,约公元前6200—5200年（文化年代；具体器物年代以展签为准）；涉及人体遗存，应采用克制、学术化表述并提供敏感内容提示；不得渲染祭祀、战争或身份结论。,01_open_license/early_culture_sequence/EC009_xinglongwa_skull_plaque_2024.jpg,05_web_ready/early_culture_sequence/EC009_xinglongwa_skull_plaque_2024.webp
EC010,open_license,early_culture_sequence,EC010_xinglongwa_skull_plaque_alt.jpg,兴隆沟一号遗址人头盖骨牌饰（另一视角）,Furius,中国考古博物馆；出土地：内蒙古敖汉旗兴隆沟一号遗址,CC0 1.0,open_license_direct_use_with_attribution,allow_with_manifest_conditions,https://commons.wikimedia.org/wiki/File:Plaque%20made%20from%20human%20skull%2C%20Neolithic%2C%20Xinglongwa%20Culture%20(6200-5200%20BC)%2C%20Xinglongguo%20site%201%2C%20Aohan%2C%20Inner%20Mongolia.jpg,https://upload.wikimedia.org/wikipedia/commons/4/46/Plaque_made_from_human_skull%2C_Neolithic%2C_Xinglongwa_Culture_(6200-5200_BC)%2C_Xinglongguo_site_1%2C_Aohan%2C_Inner_Mongolia.jpg,https://creativecommons.org/publicdomain/zero/1.0/,"Photo: Furius / Wikimedia Commons, CC0 1.0",2268x2348,ccb90696670b7ae28ebfa2a8ac2daec7ca93d21912a1c69262f2315291e96695,2026-07-14T10:22:16.456Z,H04 文化序列：器物细节备选（可选，需内容提示）,约公元前6200—5200年（按源页题名）；与 EC009 可能为同类或同一器物不同视角，不能据此增加器物数量；兴隆沟与兴隆洼为不同遗址名称，不可混写。,01_open_license/early_culture_sequence/EC010_xinglongwa_skull_plaque_alt.jpg,05_web_ready/early_culture_sequence/EC010_xinglongwa_skull_plaque_alt.webp
EC011,open_license,early_culture_sequence,EC011_zhaobaogou_jade_tube.jpg,赵宝沟文化筒形玉器,Prof. Gary Lee Todd,上海博物馆玉器馆；来源页标注内蒙古,CC BY-SA 4.0（亦提供 GFDL/较早 BY-SA 版本）,open_license_direct_use_with_attribution,allow_with_manifest_conditions,https://commons.wikimedia.org/wiki/File:Jade%20tube-shaped%20artifact%2C%20Zhaobaogou%20culture%2C%20Inner%20Mongolia%2C%205000-4400%20BC.JPG,https://upload.wikimedia.org/wikipedia/commons/2/26/Jade_tube-shaped_artifact%2C_Zhaobaogou_culture%2C_Inner_Mongolia%2C_5000-4400_BC.JPG,https://creativecommons.org/licenses/by-sa/4.0/,"Photo: Prof. Gary Lee Todd / Wikimedia Commons, CC BY-SA 4.0",683x1024,dddf5e726c8372d922a71af01ca2f48faf9520a25b473c405ed12811ee32f92e,2026-07-14T10:22:17.373Z,H04 文化序列：赵宝沟文化开放许可主图,约公元前5000—4400年（按 Commons 源页）；仅可作为赵宝沟文化玉器实例；不得写成神兽纹陶尊、不得写成牛河梁出土。,01_open_license/early_culture_sequence/EC011_zhaobaogou_jade_tube.jpg,05_web_ready/early_culture_sequence/EC011_zhaobaogou_jade_tube.webp
EC012,open_license,early_culture_sequence,EC012_xiaoheyan_bird_shaped_pottery_jar.jpg,小河沿文化鸟形陶罐,Prof. Gary Lee Todd,中国国家博物馆,CC BY-SA 4.0（亦提供 GFDL/较早 BY-SA 版本）,open_license_direct_use_with_attribution,allow_with_manifest_conditions,https://commons.wikimedia.org/wiki/File:Neolithic%20bird-shaped%20pottery%20jar%2C%20Xiaoheyan%20Culture%2C%20Inner%20Mongolia%2C%201977.jpg,https://upload.wikimedia.org/wikipedia/commons/9/96/Neolithic_bird-shaped_pottery_jar%2C_Xiaoheyan_Culture%2C_Inner_Mongolia%2C_1977.jpg,https://creativecommons.org/licenses/by-sa/4.0/,"Photo: Prof. Gary Lee Todd / Wikimedia Commons, CC BY-SA 4.0",1012x903,8bbaa16f8a1d2f7e843c789193a5000595cf3156539b2a9f97ce48062a34fd6a,2026-07-14T10:22:18.288Z,H04 文化序列：小河沿文化主图,约公元前2900—2700年（当前 Commons 说明；旧版记录曾写公元前3000—2600年，需以正式考古报告统一）；可说明红山文化之后的小河沿文化器物；来源页年代文字存在版本差异，网站时间轴应采用经学术文献复核的宽口径并标注不确定性。,01_open_license/early_culture_sequence/EC012_xiaoheyan_bird_shaped_pottery_jar.jpg,05_web_ready/early_culture_sequence/EC012_xiaoheyan_bird_shaped_pottery_jar.webp
EC013,open_license,early_culture_sequence,EC013_xinle_barrel_like_pottery_jar.jpg,新乐出土筒形陶瓶,Windmemories,中国国家博物馆,CC BY-SA 4.0,open_license_direct_use_with_attribution,allow_with_manifest_conditions,https://commons.wikimedia.org/wiki/File:20251026%20Barrel-like%20Pottery%20Jar%20from%20Xinle.jpg,https://upload.wikimedia.org/wikipedia/commons/f/f2/20251026_Barrel-like_Pottery_Jar_from_Xinle.jpg,https://creativecommons.org/licenses/by-sa/4.0/,"Photo: Windmemories / Wikimedia Commons, CC BY-SA 4.0",1200x1800,30db686de7906424306a6938479a213e4aa3761da97ddfcea1fafae261babda0,2026-07-14T10:22:23.551Z,H04 文化序列：同一时期区域比较支线,源页未给单件器物精确年代；新乐文化常用范围约公元前5500—4800年，仅作区域比较；新乐文化位于辽河下游，是区域比较材料；不得画成通往红山/牛河梁的确定单线前身。,01_open_license/early_culture_sequence/EC013_xinle_barrel_like_pottery_jar.jpg,05_web_ready/early_culture_sequence/EC013_xinle_barrel_like_pottery_jar.webp
EC014,open_license,early_culture_sequence,EC014_xinle_house_site_no1_display.jpg,沈阳新乐遗址博物馆一号房址,阴阳权政,沈阳新乐遗址博物馆,CC BY-SA 3.0,open_license_direct_use_with_attribution,allow_with_manifest_conditions,https://commons.wikimedia.org/wiki/File:%E6%B2%88%E9%98%B3%E6%96%B0%E4%B9%90%E9%81%97%E5%9D%80%E5%8D%9A%E7%89%A9%E9%A6%86%E4%B8%80%E5%8F%B7%E6%88%BF%E5%9D%80.jpg,https://upload.wikimedia.org/wikipedia/commons/c/c7/%E6%B2%88%E9%98%B3%E6%96%B0%E4%B9%90%E9%81%97%E5%9D%80%E5%8D%9A%E7%89%A9%E9%A6%86%E4%B8%80%E5%8F%B7%E6%88%BF%E5%9D%80.jpg,https://creativecommons.org/licenses/by-sa/3.0/,"Photo: 阴阳权政 / Wikimedia Commons, CC BY-SA 3.0",2400x1793,b543391affe5ffa5547ae13fa172f3b6835a277ace3d36e71b88d0f4813532ab,2026-07-14T10:22:26.631Z,H04 文化序列：聚落形态区域比较,新石器时代；单一房址层位与年代须以馆方/发掘报告为准；照片记录博物馆中的房址展示状态；不得写成牛河梁房址，也不要把现代保护设施误认为史前建筑构件。,01_open_license/early_culture_sequence/EC014_xinle_house_site_no1_display.jpg,05_web_ready/early_culture_sequence/EC014_xinle_house_site_no1_display.webp
EC015,open_license,early_culture_sequence,EC015_xinle_reconstructed_village.jpg,沈阳新乐村落复原景观,Mjb1981,沈阳新乐遗址相关展示区,CC BY 3.0,open_license_direct_use_with_attribution,allow_with_manifest_conditions,https://commons.wikimedia.org/wiki/File:Xinle%20Civilisation%20Shenyang%20China.JPG,https://upload.wikimedia.org/wikipedia/commons/7/77/Xinle_Civilisation_Shenyang_China.JPG,https://creativecommons.org/licenses/by/3.0/,"Photo: Mjb1981 / Wikimedia Commons, CC BY 3.0",2272x1704,16198069c3046b5524a67ae4c0c2e4f64cf4fa41066ad43ff05391e31b28d9a1,2026-07-14T10:22:28.913Z,H04 文化序列：生活场景复原（辅助图）,现代复原展示；对应文化年代不得从照片本身推定；必须在图注显著标“现代复原/展示景观”，绝不能作为史前建筑原貌照片。,01_open_license/early_culture_sequence/EC015_xinle_reconstructed_village.jpg,05_web_ready/early_culture_sequence/EC015_xinle_reconstructed_village.webp
MX001,open_license,environment_methods_expanded,MX001_experimental_pottery_shaping_decoration.jpg,实验考古：史前陶器成形与纹饰制作,Staff Museo Civico di Modena,Wikimedia Commons（来源机构见文件页）,CC BY-SA 3.0,可用于网站；必须按许可署名；仅作通用方法或当代地域语境,allow_with_manifest_conditions,"https://commons.wikimedia.org/wiki/File:Attivit%C3%A0_sperimentale_di_realizzazione_di_forme_ceramiche_delle_terramare,_decorazione_del_vaso,_Parco_della_Terramara_di_Montale.jpg",https://upload.wikimedia.org/wikipedia/commons/7/7d/Attivit%C3%A0_sperimentale_di_realizzazione_di_forme_ceramiche_delle_terramare%2C_decorazione_del_vaso%2C_Parco_della_Terramara_di_Montale.jpg,https://creativecommons.org/licenses/by-sa/3.0,Staff Museo Civico di Modena / Wikimedia Commons / CC BY-SA 3.0,2580×1726,1f0673260d69dc6f27256d0496a9c3c76faaa157158f49cbe56c1de075a1f17c,2026-07-14T10:26:13.587027+00:00,H06 工艺与交换；制陶步骤,意大利Montale考古公园的实验考古活动，不是红山文化工艺实录；只用于解释通用方法。,01_open_license/environment_methods_expanded/MX001_experimental_pottery_shaping_decoration.jpg,05_web_ready/environment_methods_expanded/MX001_experimental_pottery_shaping_decoration.webp
MX002,open_license,environment_methods_expanded,MX002_charred_food_crust_microscope.jpg,显微镜下的炭化食物残留,MairiKaseorg,Wikimedia Commons（来源机构见文件页）,CC BY 4.0,可用于网站；必须按许可署名；仅作通用方法或当代地域语境,allow_with_manifest_conditions,"https://commons.wikimedia.org/wiki/File:Charred_crust_under_a_microscope._2025._Kaseorg,_M.jpg",https://upload.wikimedia.org/wikipedia/commons/d/da/Charred_crust_under_a_microscope._2025._Kaseorg%2C_M.jpg,https://creativecommons.org/licenses/by/4.0,MairiKaseorg / Wikimedia Commons / CC BY 4.0,2721×2838,a37558e4ba82335d1e275ac23a3069e9955e524a14dc519fb99093d0c5a6d3fb,2026-07-14T10:26:13.788410+00:00,H05 生产生活；来源与方法,通用实验/研究图像，不是牛河梁样品；不得据此宣称牛河梁食谱。,01_open_license/environment_methods_expanded/MX002_charred_food_crust_microscope.jpg,05_web_ready/environment_methods_expanded/MX002_charred_food_crust_microscope.webp
MX003,open_license,environment_methods_expanded,MX003_experimental_tree_felling_stone_axe.jpg,实验考古：使用史前工具伐木,Photographed by User:Bullenwächter,Wikimedia Commons（来源机构见文件页）,CC BY-SA 3.0 de,可用于网站；必须按许可署名；仅作通用方法或当代地域语境,allow_with_manifest_conditions,https://commons.wikimedia.org/wiki/File:ExpArchTreeFelling.jpg,https://upload.wikimedia.org/wikipedia/commons/f/f5/ExpArchTreeFelling.jpg,https://creativecommons.org/licenses/by-sa/3.0/de/deed.en,Photographed by User:Bullenwächter / Wikimedia Commons / CC BY-SA 3.0 de,3648×2736,c18d327bcc79808e479fa1ab1385ea86b035dc26b7565982bb671d44fee07897,2026-07-14T10:26:13.990695+00:00,H05 生产生活；H06 工艺与交换,通用实验考古示意，地点和文化背景均非牛河梁；不可写成红山人现场活动。,01_open_license/environment_methods_expanded/MX003_experimental_tree_felling_stone_axe.jpg,05_web_ready/environment_methods_expanded/MX003_experimental_tree_felling_stone_axe.webp
MX004,open_license,environment_methods_expanded,MX004_experimental_archaeology_pottery_kiln.jpg,实验考古陶窑,"Prof. Dr. Dr. D. Vieweger, Grabungsleiter Tall Zira´a; Leitender Direktor DEI Jerusalem+Amman; Direktor des BAI Wuppertal",Wikimedia Commons（来源机构见文件页）,Public domain,可用于网站；必须按许可署名；仅作通用方法或当代地域语境,allow_with_manifest_conditions,https://commons.wikimedia.org/wiki/File:2006_5._Kampagne_Sommer_Bild_2_Keramikofen.jpg,https://upload.wikimedia.org/wikipedia/commons/b/bd/2006_5._Kampagne_Sommer_Bild_2_Keramikofen.jpg,,"Prof. Dr. Dr. D. Vieweger, Grabungsleiter Tall Zira´a; Leitender Direktor DEI Jerusalem+Amman; Direktor des BAI Wuppertal / Wikimedia Commons / Public domain",500×375,f130f57628893d0b556ed755f9ac3d00203529435f5b2c6814dc3ab2e8ff6fde,2026-07-14T10:26:14.191268+00:00,H06 工艺与交换；制陶步骤,欧洲实验考古陶窑，不是红山文化窑址复原；仅解释烧制的一般过程。,01_open_license/environment_methods_expanded/MX004_experimental_archaeology_pottery_kiln.jpg,05_web_ready/environment_methods_expanded/MX004_experimental_archaeology_pottery_kiln.webp
MX005,open_license,environment_methods_expanded,MX005_archaeological_flotation_device_1977.jpg,考古植物浮选设备（1977）,John Atherton,Wikimedia Commons（来源机构见文件页）,CC BY-SA 2.0,可用于网站；必须按许可署名；仅作通用方法或当代地域语境,allow_with_manifest_conditions,"https://commons.wikimedia.org/wiki/File:Froth_flotation_device_used_in_archaeological_excavations_at_a_prehistoric_American_Indian_site_in_north-Central_Oregon_(USA)_near_the_Hancock_Field_Station,_1977_(2301765127).jpg",https://upload.wikimedia.org/wikipedia/commons/2/28/Froth_flotation_device_used_in_archaeological_excavations_at_a_prehistoric_American_Indian_site_in_north-Central_Oregon_%28USA%29_near_the_Hancock_Field_Station%2C_1977_%282301765127%29.jpg,https://creativecommons.org/licenses/by-sa/2.0,John Atherton / Wikimedia Commons / CC BY-SA 2.0,4085×2613,1490f932329fbd866226a593a41e2080bd00477d3810c5faf2471a8a9626142e,2026-07-14T10:26:14.393183+00:00,H05 生产生活；M03 来源与方法,美国俄勒冈史前遗址工作照片，不是牛河梁现场；仅用于说明浮选方法。,01_open_license/environment_methods_expanded/MX005_archaeological_flotation_device_1977.jpg,05_web_ready/environment_methods_expanded/MX005_archaeological_flotation_device_1977.webp
MX006,open_license,environment_methods_expanded,MX006_archaeological_photogrammetry_fieldwork.jpg,考古摄影测量野外记录,BLM Oregon & Washington,Wikimedia Commons（来源机构见文件页）,Public domain,可用于网站；必须按许可署名；仅作通用方法或当代地域语境,allow_with_manifest_conditions,https://commons.wikimedia.org/wiki/File:B-roll-_Neffra_A_Matthews_at_Fossil_Lake_Site_(38442105480).jpg,https://upload.wikimedia.org/wikipedia/commons/d/df/B-roll-_Neffra_A_Matthews_at_Fossil_Lake_Site_%2838442105480%29.jpg,,BLM Oregon & Washington / Wikimedia Commons / Public domain,1920×1080,6ab949a744a5df9e1a566ca38b7d4de814f6670abf02de3ee57cf4779143c477,2026-07-14T10:26:14.593792+00:00,H10 考古发现史；M03 来源与方法；X01 3D实验台,美国Fossil Lake工作照，不是牛河梁现场；只说明摄影测量记录方法，不提供牛河梁3D数据。,01_open_license/environment_methods_expanded/MX006_archaeological_photogrammetry_fieldwork.jpg,05_web_ready/environment_methods_expanded/MX006_archaeological_photogrammetry_fieldwork.webp
MX007,open_license,environment_methods_expanded,MX007_archaeological_soil_sample_buckets.jpg,考古现场土样分装与编号,ISCA Archaeology,Wikimedia Commons（来源机构见文件页）,CC BY 4.0,可用于网站；必须按许可署名；仅作通用方法或当代地域语境,allow_with_manifest_conditions,"https://commons.wikimedia.org/wiki/File:Archaeologists_filling_soil_sample_buckets_at_a_watching_brief_at_Poughill_Road,_Poughill,_Bude,_Cornwall,_2021-2022.jpg",https://upload.wikimedia.org/wikipedia/commons/8/81/Archaeologists_filling_soil_sample_buckets_at_a_watching_brief_at_Poughill_Road%2C_Poughill%2C_Bude%2C_Cornwall%2C_2021-2022.jpg,https://creativecommons.org/licenses/by/4.0,ISCA Archaeology / Wikimedia Commons / CC BY 4.0,5184×3456,e6eb811f8ccef0744a31a409c44288bf558e9894d1a6a64e42ffeae1ff7510bd,2026-07-14T10:26:14.795946+00:00,H05 生产生活；M03 来源与方法,英国Cornwall考古工作照，不是牛河梁现场；只用于说明取样与样品管理的一般方法。,01_open_license/environment_methods_expanded/MX007_archaeological_soil_sample_buckets.jpg,05_web_ready/environment_methods_expanded/MX007_archaeological_soil_sample_buckets.webp
MX008,open_license,environment_methods_expanded,MX008_archaeological_sieving.jpg,考古发掘中的筛选作业,Gonen sharon,Wikimedia Commons（来源机构见文件页）,CC BY-SA 3.0,可用于网站；必须按许可署名；仅作通用方法或当代地域语境,allow_with_manifest_conditions,https://commons.wikimedia.org/wiki/File:NMO_08_sieving_1.JPG,https://upload.wikimedia.org/wikipedia/commons/2/2c/NMO_08_sieving_1.JPG,https://creativecommons.org/licenses/by-sa/3.0,Gonen sharon / Wikimedia Commons / CC BY-SA 3.0,1181×886,6c6abac344fed56cc4e54b9d54d24022144ca1b1789e0657787c48ae8eb4c523,2026-07-14T10:26:14.997157+00:00,H10 考古发现史；M03 来源与方法,通用考古工作照，地点不是牛河梁；不能写成牛河梁发掘现场。,01_open_license/environment_methods_expanded/MX008_archaeological_sieving.jpg,05_web_ready/environment_methods_expanded/MX008_archaeological_sieving.webp
AX034,open_license,artifacts_sites_expanded,NA001_slam_hongshan_silkworm_pendant.jpg,红山文化蚕形玉佩（圣路易斯艺术博物馆）,Saint Louis Art Museum,Saint Louis Art Museum,Public Domain,可用于网站；馆方对象页标示Public Domain；建议保留机构与对象号,allow_with_manifest_conditions,https://www.slam.org/collection/objects/5895/,https://www.slam.org/wp-content/uploads/piction/image-cache/258309.jpg,https://www.slam.org/public-domain-and-open-access/,"Saint Louis Art Museum, Pendant in the Form of a Silkworm (73:1968.1), Public Domain",1175×1600,94748d3a6703f3549ae7e623bcbbc82a816b78b6325e1ffc0be1b6ab0559137c,2026-07-15T16:30:00+08:00,H07 玉与秩序；开放图鉴；跨馆比较,红山文化馆藏比较标本；馆方未给出考古出土地或牛河梁地点，不得写作牛河梁出土。,01_open_license/artifacts_sites_expanded/NA001_slam_hongshan_silkworm_pendant.jpg,05_web_ready/artifacts_sites_expanded/AX034_silkworm_pendant_slam.webp
AX035,open_license,artifacts_sites_expanded,NA002_aic_hongshan_squarish_bi_view01.jpg,红山文化圆角方形玉璧（芝加哥艺术博物馆·正面）,The Art Institute of Chicago,The Art Institute of Chicago,CC0 Public Domain Designation,可用于网站；馆方对象页明确标记CC0；建议保留机构与对象号,allow_with_manifest_conditions,https://www.artic.edu/artworks/70606/squarish-disk-with-rounded-corners,"https://www.artic.edu/iiif/2/23faba01-12dc-6fd2-f751-6c28b1eef5b3/full/3000,/0/default.jpg",https://creativecommons.org/publicdomain/zero/1.0/,"China. Squarish Disk with Rounded Corners, c. 3000 B.C. The Art Institute of Chicago, CC0.",3000×2250,79bae958a8793225dc7986ea5fe9abc0d92a219b0543a061ffa51ff71ab61032,2026-07-15T16:30:00+08:00,H07 玉与秩序；开放图鉴；器物双面比较,同一件圆角方形玉璧的正面；红山文化馆藏比较标本，馆方未给出牛河梁出土地点。,01_open_license/artifacts_sites_expanded/NA002_aic_hongshan_squarish_bi_view01.jpg,05_web_ready/artifacts_sites_expanded/AX035_squarish_bi_aic_front.webp
AX036,open_license,artifacts_sites_expanded,NA003_aic_hongshan_squarish_bi_view02.jpg,红山文化圆角方形玉璧（芝加哥艺术博物馆·背面）,The Art Institute of Chicago,The Art Institute of Chicago,CC0 Public Domain Designation,可用于网站；馆方对象页明确标记CC0；建议保留机构与对象号,allow_with_manifest_conditions,https://www.artic.edu/artworks/70606/squarish-disk-with-rounded-corners,"https://www.artic.edu/iiif/2/02343c52-688a-a3e6-5460-0d35e65a4057/full/3000,/0/default.jpg",https://creativecommons.org/publicdomain/zero/1.0/,"China. Squarish Disk with Rounded Corners, c. 3000 B.C. The Art Institute of Chicago, CC0.",3000×2250,a99e3dc796a2021dc439e90152c6eb0767d8850bc23f68b2fe3d655779be7a2d,2026-07-15T16:30:00+08:00,H07 玉与秩序；开放图鉴；器物双面比较,同一件圆角方形玉璧的背面；红山文化馆藏比较标本，不能另计为第二件文物，馆方未给出牛河梁出土地点。,01_open_license/artifacts_sites_expanded/NA003_aic_hongshan_squarish_bi_view02.jpg,05_web_ready/artifacts_sites_expanded/AX036_squarish_bi_aic_back.webp
